pr_path,created,total_comments
/flying-bus/step-walkthroughs/pull/1,2020-05-12T15:57:00Z,0
/arjun-garg-google/step/pull/1,2020-05-12T22:43:04Z,0
/xixuan1124/intern-step/pull/1,2020-06-02T00:23:33Z,0
/xixuan1124/intern-step/pull/2,2020-06-02T00:26:08Z,0
/triplehair/step/pull/1,2020-05-18T04:52:57Z,0
/taruss2011/step/pull/1,2020-05-18T21:59:11Z,0
/bavanya/step/pull/1,2020-05-19T12:18:37Z,0
/asthaaaa/step/pull/1,2020-05-20T13:46:50Z,0
/asthaaaa/step/pull/2,2020-05-23T17:55:00Z,1
/cynthia-m/step/pull/1,2020-05-20T14:57:47Z,0
/cynthia-m/step/pull/2,2020-05-20T15:46:05Z,13
/cynthia-m/step/pull/3,2020-06-05T14:17:08Z,17
/dhruvi618/myportfolio/pull/1,2020-05-20T20:03:33Z,0
/mallika2011/STEP/pull/1,2020-05-30T10:33:34Z,0
/mallika2011/STEP/pull/2,2020-05-30T19:58:54Z,0
/VivekShankar/my-portfolio/pull/1,2020-05-25T21:47:10Z,0
/VivekShankar/my-portfolio/pull/2,2020-05-25T21:57:47Z,2
/jbandlow-google/step-test/pull/1,2020-05-26T03:42:23Z,0
/juanalonsocruz/step/pull/1,2020-05-26T06:35:39Z,0
/aishwary2112/STEP/pull/1,2020-05-25T09:09:21Z,0
/emejia01/my-portfolio/pull/1,2020-05-26T17:23:46Z,0
/emejia01/my-portfolio/pull/2,2020-05-27T18:33:52Z,0
/aokeke/step/pull/1,2020-05-26T17:47:46Z,1
/aokeke/step/pull/2,2020-06-04T02:17:27Z,0
/QuinnDACollins/step/pull/1,2020-05-28T18:22:33Z,2
/QuinnDACollins/step/pull/2,2020-05-29T17:59:07Z,1
/QuinnDACollins/step/pull/3,2020-05-29T18:00:00Z,0
/QuinnDACollins/step/pull/4,2020-06-04T17:30:57Z,2
/QuinnDACollins/step/pull/5,2020-06-04T17:32:36Z,0
/QuinnDACollins/step/pull/6,2020-06-04T17:33:40Z,0
/QuinnDACollins/step/pull/7,2020-06-04T17:34:20Z,0
/QuinnDACollins/step/pull/8,2020-06-04T17:35:09Z,0
/QuinnDACollins/step/pull/9,2020-06-05T20:07:40Z,0
/ayomide321/step/pull/2,2020-06-08T20:53:45Z,5
/brakiajackson/Portfolio/pull/1,2020-05-27T22:56:59Z,0
/brakiajackson/Portfolio/pull/2,2020-05-28T19:43:45Z,4
/brakiajackson/Portfolio/pull/3,2020-06-04T01:01:29Z,0
/RodrigoNieves/step-test/pull/1,2020-05-26T22:44:36Z,0
/Wseawright/My-STEP-Portfolio/pull/1,2020-06-01T14:55:53Z,0
/Wseawright/My-STEP-Portfolio/pull/2,2020-06-03T20:42:16Z,2
/Wseawright/My-STEP-Portfolio/pull/3,2020-06-04T15:34:20Z,5
/Wseawright/My-STEP-Portfolio/pull/4,2020-06-05T21:46:04Z,2
/Wseawright/My-STEP-Portfolio/pull/5,2020-06-08T18:24:00Z,5
/Wseawright/My-STEP-Portfolio/pull/6,2020-06-10T20:58:17Z,3
/jalenjenkins/step/pull/1,2020-06-04T16:36:11Z,16
/kearstenprince/STEP/pull/1,2020-05-28T18:05:44Z,0
/owenzhang76/step-2020/pull/1,2020-05-21T21:41:50Z,0
/owenzhang76/step-2020/pull/2,2020-05-26T19:17:27Z,24
/owenzhang76/step-2020/pull/3,2020-05-28T02:16:26Z,1
/owenzhang76/step-2020/pull/4,2020-05-28T17:01:45Z,1
/owenzhang76/step-2020/pull/5,2020-06-06T00:03:53Z,38
/mkmg/step/pull/1,2020-05-29T06:35:57Z,0
/AymarMuhikira/step-projects/pull/1,2020-05-28T21:24:27Z,1
/AymarMuhikira/step-projects/pull/2,2020-05-29T23:39:36Z,11
/AymarMuhikira/step-projects/pull/3,2020-06-02T20:24:38Z,2
/AymarMuhikira/step-projects/pull/4,2020-06-02T21:41:14Z,1
/AymarMuhikira/step-projects/pull/5,2020-06-05T13:50:31Z,19
/AymarMuhikira/step-projects/pull/6,2020-06-05T14:00:21Z,8
/AymarMuhikira/step-projects/pull/7,2020-06-05T14:06:09Z,9
/AymarMuhikira/step-projects/pull/8,2020-06-05T14:10:12Z,0
/AymarMuhikira/step-projects/pull/9,2020-06-05T14:25:38Z,26
/AymarMuhikira/step-projects/pull/10,2020-06-10T14:20:26Z,1
/alpatterson-google/step/pull/1,2020-05-29T17:23:19Z,0
/asthaaaa/intern/pull/1,2020-05-31T11:50:45Z,0
/tjyoung99/step/pull/1,2020-06-03T18:31:17Z,44
/tjyoung99/step/pull/2,2020-06-10T13:01:52Z,4
/Rythmag/step/pull/1,2020-05-26T05:25:27Z,2
/Rythmag/step/pull/2,2020-05-27T14:33:34Z,1
/Rythmag/step/pull/3,2020-05-27T15:12:43Z,8
/Rythmag/step/pull/4,2020-05-29T06:34:14Z,13
/jcderry5/my-portfolio/pull/1,2020-05-27T20:52:47Z,26
/jcderry5/my-portfolio/pull/2,2020-06-02T15:42:56Z,0
/jcderry5/my-portfolio/pull/3,2020-06-02T22:17:45Z,35
/jcderry5/my-portfolio/pull/4,2020-06-03T21:09:33Z,22
/jcderry5/my-portfolio/pull/5,2020-06-04T14:52:26Z,13
/jcderry5/my-portfolio/pull/6,2020-06-04T14:53:00Z,12
/jcderry5/my-portfolio/pull/7,2020-06-05T18:46:24Z,12
/jcderry5/my-portfolio/pull/8,2020-06-05T18:47:19Z,2
/jcderry5/my-portfolio/pull/9,2020-06-09T17:50:30Z,0
/Josiah-Caldwell/step/pull/1,2020-05-20T19:21:01Z,0
/Josiah-Caldwell/step/pull/2,2020-06-01T15:15:58Z,3
/Josiah-Caldwell/step/pull/3,2020-06-09T16:49:22Z,6
/kaitlynchan/step/pull/1,2020-05-26T17:16:02Z,1
/kaitlynchan/step/pull/2,2020-05-27T00:03:38Z,0
/kaitlynchan/step/pull/3,2020-06-08T17:56:07Z,0
/emmapaczkowski/step-portfolio/pull/1,2020-05-29T21:56:50Z,37
/denzilbilson-google/my-portfolio/pull/1,2020-05-27T20:29:01Z,10
/denzilbilson-google/my-portfolio/pull/2,2020-05-28T23:27:03Z,11
/denzilbilson-google/my-portfolio/pull/3,2020-06-04T16:00:48Z,15
/denzilbilson-google/my-portfolio/pull/4,2020-06-08T16:48:52Z,5
/jynCoder/my-step-portfolio/pull/1,2020-05-26T21:58:17Z,1
/jynCoder/my-step-portfolio/pull/2,2020-05-27T18:03:12Z,35
/jynCoder/my-step-portfolio/pull/3,2020-06-01T19:35:11Z,0
/jynCoder/my-step-portfolio/pull/4,2020-06-02T18:33:14Z,28
/derachimso/my-portfolio/pull/1,2020-06-02T02:06:37Z,0
/kirantumkur/steptest/pull/1,2020-06-02T02:52:45Z,0
/tsa87/step/pull/2,2020-05-26T22:48:13Z,21
/tsa87/step/pull/3,2020-05-29T12:52:25Z,3
/tsa87/step/pull/4,2020-06-01T16:27:20Z,2
/tsa87/step/pull/5,2020-06-02T04:00:23Z,23
/tsa87/step/pull/9,2020-06-08T22:19:04Z,0
/dangelyjeanelle/my-portfolio/pull/1,2020-06-01T14:54:53Z,0
/dangelyjeanelle/my-portfolio/pull/2,2020-06-01T21:49:23Z,6
/dangelyjeanelle/my-portfolio/pull/3,2020-06-03T15:37:02Z,2
/dangelyjeanelle/my-portfolio/pull/4,2020-06-03T16:48:38Z,2
/dangelyjeanelle/my-portfolio/pull/5,2020-06-04T16:49:54Z,2
/dangelyjeanelle/my-portfolio/pull/6,2020-06-08T19:45:54Z,6
/dangelyjeanelle/my-portfolio/pull/7,2020-06-09T16:23:57Z,0
/tonymai/step/pull/1,2020-06-02T17:19:52Z,0
/tonymai/step/pull/2,2020-06-02T17:20:19Z,0
/talvarez0507/my-portfolio/pull/1,2020-05-28T19:51:23Z,29
/talvarez0507/my-portfolio/pull/2,2020-06-03T21:22:00Z,26
/talvarez0507/my-portfolio/pull/3,2020-06-10T21:41:59Z,0
/kpatterson01/STEP-portfolio-1/pull/1,2020-05-19T23:01:37Z,1
/kpatterson01/STEP-portfolio-1/pull/2,2020-05-26T17:00:19Z,0
/kpatterson01/STEP-portfolio-1/pull/3,2020-05-27T11:28:46Z,1
/kpatterson01/STEP-portfolio-1/pull/4,2020-05-28T12:18:42Z,1
/kpatterson01/STEP-portfolio-1/pull/5,2020-05-28T16:20:34Z,1
/kpatterson01/STEP-portfolio-1/pull/6,2020-05-29T11:19:23Z,3
/kpatterson01/STEP-portfolio-1/pull/7,2020-05-29T12:04:51Z,2
/kpatterson01/STEP-portfolio-1/pull/8,2020-05-29T18:14:24Z,1
/kpatterson01/STEP-portfolio-1/pull/9,2020-05-29T20:56:27Z,1
/kpatterson01/STEP-portfolio-1/pull/10,2020-06-01T13:59:05Z,1
/kpatterson01/STEP-portfolio-1/pull/11,2020-06-01T18:50:46Z,1
/kpatterson01/STEP-portfolio-1/pull/12,2020-06-02T13:18:37Z,1
/kpatterson01/STEP-portfolio-1/pull/13,2020-06-02T15:42:13Z,1
/kpatterson01/STEP-portfolio-1/pull/14,2020-06-02T19:23:29Z,1
/swetha-gangu/STEP_Internship/pull/1,2020-05-27T17:17:21Z,12
/swetha-gangu/STEP_Internship/pull/2,2020-06-02T17:12:55Z,0
/swetha-gangu/STEP_Internship/pull/3,2020-06-04T20:32:48Z,11
/Jaxobc/google-portfolio/pull/1,2020-05-26T17:58:16Z,0
/Jaxobc/google-portfolio/pull/2,2020-05-27T05:04:25Z,0
/Jaxobc/google-portfolio/pull/3,2020-05-28T17:02:43Z,5
/Jaxobc/google-portfolio/pull/4,2020-05-29T02:22:04Z,0
/Jaxobc/google-portfolio/pull/5,2020-05-29T04:08:33Z,3
/Jaxobc/google-portfolio/pull/6,2020-06-02T01:43:11Z,6
/Jaxobc/google-portfolio/pull/7,2020-06-02T19:03:02Z,3
/Jaxobc/google-portfolio/pull/8,2020-06-02T19:28:35Z,0
/Jaxobc/google-portfolio/pull/9,2020-06-02T20:42:16Z,1
/Jaxobc/google-portfolio/pull/10,2020-06-04T17:05:48Z,0
/Jaxobc/google-portfolio/pull/11,2020-06-04T19:31:46Z,0
/Jaxobc/google-portfolio/pull/12,2020-06-04T19:40:18Z,9
/Jaxobc/google-portfolio/pull/13,2020-06-09T00:16:15Z,9
/Jaxobc/google-portfolio/pull/14,2020-06-09T19:15:17Z,9
/Jaxobc/google-portfolio/pull/15,2020-06-10T04:11:27Z,4
/Jaxobc/google-portfolio/pull/16,2020-06-10T16:47:08Z,6
/Jaxobc/google-portfolio/pull/17,2020-06-10T16:52:14Z,2
/Jaxobc/google-portfolio/pull/18,2020-06-10T18:16:15Z,1
/Jaxobc/google-portfolio/pull/19,2020-06-10T19:07:41Z,1
/Jaxobc/google-portfolio/pull/20,2020-06-10T21:13:50Z,0
/ade-ademiluyi/my-portfolio/pull/1,2020-05-26T20:03:31Z,13
/ade-ademiluyi/my-portfolio/pull/2,2020-06-01T21:19:10Z,3
/lailagamaleldin/step/pull/1,2020-05-28T15:27:50Z,1
/lailagamaleldin/step/pull/2,2020-06-01T14:39:04Z,0
/lailagamaleldin/step/pull/3,2020-06-02T21:04:14Z,0
/lailagamaleldin/step/pull/4,2020-06-04T18:40:17Z,0
/lailagamaleldin/step/pull/5,2020-06-08T16:42:44Z,2
/lailagamaleldin/step/pull/6,2020-06-11T15:19:10Z,0
/KushalD1999/step/pull/1,2020-05-25T14:05:26Z,1
/KushalD1999/step/pull/2,2020-05-26T15:10:11Z,1
/KushalD1999/step/pull/3,2020-05-26T17:36:47Z,27
/KushalD1999/step/pull/4,2020-05-27T21:54:11Z,6
/KushalD1999/step/pull/5,2020-05-28T16:36:30Z,2
/KushalD1999/step/pull/6,2020-06-01T00:19:38Z,1
/KushalD1999/step/pull/7,2020-06-01T13:01:19Z,4
/KushalD1999/step/pull/8,2020-06-01T20:46:55Z,21
/KushalD1999/step/pull/9,2020-06-03T20:53:41Z,35
/KushalD1999/step/pull/10,2020-06-06T06:05:05Z,0
/KushalD1999/step/pull/11,2020-06-06T06:15:16Z,15
/KushalD1999/step/pull/12,2020-06-08T19:35:22Z,3
/aliciasimon/my-portfolio/pull/1,2020-05-26T19:58:37Z,4
/aliciasimon/my-portfolio/pull/2,2020-06-04T21:52:25Z,1
/TheGuyWhoCodes/step-portfolio/pull/1,2020-05-26T21:08:29Z,0
/TheGuyWhoCodes/step-portfolio/pull/2,2020-05-27T15:12:12Z,0
/TheGuyWhoCodes/step-portfolio/pull/3,2020-05-27T21:35:40Z,0
/TheGuyWhoCodes/step-portfolio/pull/4,2020-05-28T17:08:37Z,2
/TheGuyWhoCodes/step-portfolio/pull/5,2020-05-29T14:50:02Z,0
/TheGuyWhoCodes/step-portfolio/pull/6,2020-05-29T15:34:25Z,0
/TheGuyWhoCodes/step-portfolio/pull/7,2020-05-29T17:44:49Z,4
/TheGuyWhoCodes/step-portfolio/pull/8,2020-06-02T20:02:58Z,2
/TheGuyWhoCodes/step-portfolio/pull/9,2020-06-03T18:24:05Z,0
/TheGuyWhoCodes/step-portfolio/pull/10,2020-06-08T20:56:32Z,0
/charlottehank/portfolio-STEP-project/pull/1,2020-06-02T18:48:47Z,2
/charlottehank/portfolio-STEP-project/pull/2,2020-06-02T20:35:29Z,8
/charlottehank/portfolio-STEP-project/pull/3,2020-06-03T22:38:18Z,21
/gagomez/step-portfolio/pull/1,2020-05-31T20:29:27Z,0
/RossJ24/STEP-starter/pull/1,2020-05-28T16:45:34Z,18
/RossJ24/STEP-starter/pull/2,2020-06-01T18:56:33Z,0
/RossJ24/STEP-starter/pull/3,2020-06-03T18:39:25Z,34
/RossJ24/STEP-starter/pull/4,2020-06-03T19:24:53Z,53
/RossJ24/STEP-starter/pull/5,2020-06-10T20:04:27Z,0
/ducre11/step/pull/1,2020-06-03T17:55:59Z,4
/ducre11/step/pull/2,2020-06-08T18:49:36Z,5
/ducre11/step/pull/3,2020-06-08T21:06:15Z,7
/ajw029/step-intern-project/pull/1,2020-06-03T22:33:55Z,0
/ajw029/step-intern-project/pull/2,2020-06-03T22:34:58Z,1
/ajw029/step-intern-project/pull/3,2020-06-04T17:09:13Z,1
/ajw029/step-intern-project/pull/4,2020-06-04T17:10:26Z,1
/bosticc/step/pull/2,2020-05-27T19:00:19Z,42
/bosticc/step/pull/3,2020-06-09T14:44:54Z,8
/bosticc/step/pull/4,2020-06-09T16:48:33Z,0
/menynexi/STEPint/pull/1,2020-05-20T17:57:35Z,0
/menynexi/STEPint/pull/2,2020-05-25T14:14:34Z,0
/menynexi/STEPint/pull/3,2020-05-27T20:49:36Z,4
/menynexi/STEPint/pull/4,2020-05-28T20:36:03Z,3
/menynexi/STEPint/pull/5,2020-05-28T22:42:35Z,3
/menynexi/STEPint/pull/6,2020-06-01T16:54:06Z,0
/menynexi/STEPint/pull/7,2020-06-01T16:59:29Z,0
/menynexi/STEPint/pull/8,2020-06-01T17:47:21Z,2
/menynexi/STEPint/pull/9,2020-06-01T19:43:36Z,2
/menynexi/STEPint/pull/10,2020-06-01T23:20:54Z,3
/menynexi/STEPint/pull/11,2020-06-01T23:56:25Z,0
/menynexi/STEPint/pull/12,2020-06-03T18:52:24Z,6
/menynexi/STEPint/pull/13,2020-06-04T14:45:45Z,4
/menynexi/STEPint/pull/14,2020-06-04T18:57:21Z,0
/menynexi/STEPint/pull/15,2020-06-04T19:04:13Z,2
/menynexi/STEPint/pull/16,2020-06-04T20:08:07Z,3
/menynexi/STEPint/pull/17,2020-06-10T01:08:26Z,12
/Lev-Stambler/portfolio-for-them-funses/pull/1,2020-05-27T13:11:12Z,9
/Lev-Stambler/portfolio-for-them-funses/pull/2,2020-05-29T13:00:18Z,6
/Lev-Stambler/portfolio-for-them-funses/pull/3,2020-06-01T13:13:46Z,0
/Lev-Stambler/portfolio-for-them-funses/pull/4,2020-06-02T14:12:21Z,11
/Lev-Stambler/portfolio-for-them-funses/pull/5,2020-06-04T12:38:30Z,11
/Lev-Stambler/portfolio-for-them-funses/pull/6,2020-06-04T18:03:27Z,18
/honey7100/my-portfolio/pull/1,2020-05-24T07:01:38Z,0
/honey7100/my-portfolio/pull/2,2020-05-29T05:37:54Z,16
/honey7100/my-portfolio/pull/3,2020-05-29T06:25:37Z,11
/honey7100/my-portfolio/pull/4,2020-06-08T21:40:17Z,19
/nnenna352/my-portfolio/pull/1,2020-05-28T20:40:22Z,0
/nnenna352/my-portfolio/pull/2,2020-05-28T23:25:47Z,1
/nnenna352/my-portfolio/pull/3,2020-06-02T05:18:29Z,4
/nnenna352/my-portfolio/pull/4,2020-06-03T20:41:30Z,1
/nnenna352/my-portfolio/pull/5,2020-06-04T18:05:19Z,3
/nnenna352/my-portfolio/pull/6,2020-06-04T22:23:58Z,4
/nnenna352/my-portfolio/pull/7,2020-06-05T06:09:41Z,7
/nnenna352/my-portfolio/pull/8,2020-06-05T20:15:24Z,4
/askewc/step-2020/pull/1,2020-06-05T00:27:29Z,0
/askewc/step-2020/pull/2,2020-06-05T00:41:50Z,0
/askewc/step-2020/pull/3,2020-06-05T01:00:16Z,0
/askewc/step-2020/pull/4,2020-06-05T02:29:59Z,0
/askewc/step-2020/pull/5,2020-06-05T02:40:13Z,1
/askewc/step-2020/pull/6,2020-06-05T02:42:53Z,0
/askewc/step-2020/pull/7,2020-06-05T02:51:13Z,0
/askewc/step-2020/pull/8,2020-06-05T02:54:32Z,0
/askewc/step-2020/pull/9,2020-06-05T03:01:51Z,0
/askewc/step-2020/pull/10,2020-06-05T03:20:37Z,0
/askewc/step-2020/pull/11,2020-06-05T03:22:44Z,0
/askewc/step-2020/pull/12,2020-06-05T03:33:54Z,0
/askewc/step-2020/pull/13,2020-06-05T03:39:34Z,0
/askewc/step-2020/pull/14,2020-06-05T04:54:10Z,0
/askewc/step-2020/pull/15,2020-06-05T05:21:38Z,0
/ananyeet/step/pull/1,2020-05-26T14:57:50Z,0
/ananyeet/step/pull/2,2020-05-26T20:04:22Z,2
/ananyeet/step/pull/3,2020-05-26T21:46:51Z,1
/ananyeet/step/pull/4,2020-05-28T01:18:40Z,3
/ananyeet/step/pull/5,2020-05-28T01:23:43Z,4
/ananyeet/step/pull/6,2020-05-29T19:21:39Z,14
/ananyeet/step/pull/7,2020-06-01T18:57:32Z,1
/ananyeet/step/pull/8,2020-06-01T22:48:32Z,22
/ananyeet/step/pull/9,2020-06-02T00:33:16Z,19
/ananyeet/step/pull/10,2020-06-02T20:56:42Z,0
/ananyeet/step/pull/11,2020-06-03T19:52:26Z,1
/ananyeet/step/pull/12,2020-06-03T20:49:37Z,9
/ananyeet/step/pull/13,2020-06-04T20:23:13Z,14
/ananyeet/step/pull/14,2020-06-08T17:41:58Z,0
/ananyeet/step/pull/15,2020-06-08T19:01:03Z,5
/ananyeet/step/pull/16,2020-06-10T18:48:25Z,0
/SeanT18/step/pull/1,2020-05-26T18:48:50Z,5
/SeanT18/step/pull/2,2020-05-27T19:23:22Z,22
/SeanT18/step/pull/3,2020-05-29T15:06:37Z,6
/SeanT18/step/pull/4,2020-05-29T22:36:18Z,18
/SeanT18/step/pull/5,2020-06-01T17:32:14Z,0
/SeanT18/step/pull/6,2020-06-01T21:47:43Z,15
/SeanT18/step/pull/7,2020-06-02T17:08:03Z,38
/SeanT18/step/pull/8,2020-06-04T15:35:15Z,17
/SeanT18/step/pull/9,2020-06-04T17:40:33Z,10
/SeanT18/step/pull/10,2020-06-08T21:25:26Z,41
/SeanT18/step/pull/11,2020-06-10T20:56:30Z,2
/brettallenyo/step2020/pull/1,2020-05-31T22:57:24Z,1
/brettallenyo/step2020/pull/2,2020-06-01T19:45:59Z,23
/brettallenyo/step2020/pull/3,2020-06-02T05:11:45Z,1
/brettallenyo/step2020/pull/4,2020-06-02T20:25:20Z,1
/brettallenyo/step2020/pull/5,2020-06-02T20:40:23Z,2
/brettallenyo/step2020/pull/6,2020-06-02T21:03:22Z,5
/brettallenyo/step2020/pull/7,2020-06-02T21:08:34Z,5
/brettallenyo/step2020/pull/8,2020-06-02T21:18:59Z,0
/brettallenyo/step2020/pull/9,2020-06-02T21:31:08Z,2
/brettallenyo/step2020/pull/10,2020-06-03T05:56:41Z,0
/brettallenyo/step2020/pull/11,2020-06-04T01:00:44Z,0
/brettallenyo/step2020/pull/12,2020-06-04T01:22:26Z,0
/brettallenyo/step2020/pull/13,2020-06-04T19:54:32Z,0
/brettallenyo/step2020/pull/14,2020-06-05T00:27:53Z,1
/brettallenyo/step2020/pull/15,2020-06-09T18:17:25Z,17
/John42506176Linux/step-2020/pull/1,2020-05-29T15:06:15Z,0
/John42506176Linux/step-2020/pull/2,2020-06-03T14:16:17Z,7
/brakiajackson/myportfolio/pull/1,2020-06-07T21:35:30Z,1
/maricarol3355/step-intern-portfolio/pull/1,2020-05-29T15:03:34Z,2
/maricarol3355/step-intern-portfolio/pull/2,2020-06-03T00:31:01Z,4
/maricarol3355/step-intern-portfolio/pull/3,2020-06-04T20:25:56Z,3
/maricarol3355/step-intern-portfolio/pull/4,2020-06-09T21:02:07Z,1
/naaoli/step/pull/1,2020-06-01T18:32:27Z,1
/naaoli/step/pull/2,2020-06-03T18:37:24Z,0
/naaoli/step/pull/3,2020-06-04T19:25:33Z,3
/naaoli/step/pull/4,2020-06-04T19:42:50Z,1
/naaoli/step/pull/5,2020-06-05T19:33:09Z,1
/naaoli/step/pull/6,2020-06-08T16:53:14Z,20
/lattai/step/pull/1,2020-05-26T16:22:23Z,3
/lattai/step/pull/2,2020-05-26T20:02:15Z,5
/lattai/step/pull/3,2020-05-27T16:10:11Z,2
/lattai/step/pull/4,2020-05-27T20:25:08Z,6
/lattai/step/pull/5,2020-05-28T14:33:21Z,22
/lattai/step/pull/6,2020-05-29T13:48:59Z,1
/lattai/step/pull/7,2020-05-29T15:01:34Z,8
/lattai/step/pull/8,2020-05-29T22:19:08Z,1
/lattai/step/pull/9,2020-06-01T14:23:03Z,0
/lattai/step/pull/10,2020-06-02T14:08:46Z,1
/lattai/step/pull/11,2020-06-02T16:19:25Z,4
/lattai/step/pull/12,2020-06-02T18:25:11Z,3
/lattai/step/pull/13,2020-06-02T19:17:38Z,1
/lattai/step/pull/14,2020-06-02T20:14:24Z,4
/lattai/step/pull/15,2020-06-03T14:45:09Z,3
/lattai/step/pull/16,2020-06-03T20:31:41Z,15
/lattai/step/pull/17,2020-06-08T13:28:16Z,21
/lattai/step/pull/18,2020-06-11T14:20:36Z,6
/srosset22/my-portfolio/pull/1,2020-05-29T14:59:50Z,3
/srosset22/my-portfolio/pull/2,2020-06-02T15:48:27Z,7
/srosset22/my-portfolio/pull/3,2020-06-05T18:46:12Z,2
/srosset22/my-portfolio/pull/4,2020-06-09T14:26:24Z,2
/srosset22/my-portfolio/pull/5,2020-06-09T19:47:35Z,0
/srosset22/my-portfolio/pull/6,2020-06-10T16:13:29Z,0
/srosset22/my-portfolio/pull/7,2020-06-11T15:47:18Z,0
/alikew24/step/pull/1,2020-05-26T15:43:36Z,1
/alikew24/step/pull/2,2020-05-26T21:30:26Z,17
/alikew24/step/pull/3,2020-05-27T16:10:12Z,13
/alikew24/step/pull/4,2020-05-27T21:19:22Z,17
/alikew24/step/pull/5,2020-05-29T20:56:55Z,1
/alikew24/step/pull/6,2020-05-29T21:21:53Z,1
/alikew24/step/pull/7,2020-06-01T15:12:40Z,1
/alikew24/step/pull/8,2020-06-01T17:22:12Z,9
/alikew24/step/pull/9,2020-06-01T18:59:57Z,6
/alikew24/step/pull/10,2020-06-02T16:39:56Z,2
/alikew24/step/pull/11,2020-06-02T21:11:02Z,4
/alikew24/step/pull/12,2020-06-03T14:41:20Z,4
/alikew24/step/pull/13,2020-06-03T15:50:25Z,1
/alikew24/step/pull/14,2020-06-04T16:14:16Z,16
/alikew24/step/pull/15,2020-06-05T17:53:22Z,4
/alikew24/step/pull/16,2020-06-05T19:54:26Z,13
/alikew24/step/pull/17,2020-06-08T18:53:03Z,15
/alikew24/step/pull/18,2020-06-09T20:59:48Z,4
/andrewseamanco/STEP_tech_trainings/pull/1,2020-05-26T17:57:23Z,0
/andrewseamanco/STEP_tech_trainings/pull/2,2020-05-27T00:04:08Z,32
/andrewseamanco/STEP_tech_trainings/pull/3,2020-05-27T21:48:08Z,15
/andrewseamanco/STEP_tech_trainings/pull/4,2020-05-27T22:28:16Z,13
/andrewseamanco/STEP_tech_trainings/pull/5,2020-05-29T15:32:47Z,38
/andrewseamanco/STEP_tech_trainings/pull/6,2020-06-01T22:03:23Z,31
/andrewseamanco/STEP_tech_trainings/pull/7,2020-06-02T00:24:30Z,0
/andrewseamanco/STEP_tech_trainings/pull/8,2020-06-02T00:26:38Z,1
/andrewseamanco/STEP_tech_trainings/pull/9,2020-06-02T22:25:20Z,4
/andrewseamanco/STEP_tech_trainings/pull/10,2020-06-05T17:43:52Z,1
/andrewseamanco/STEP_tech_trainings/pull/11,2020-06-05T21:08:33Z,2
/andrewseamanco/STEP_tech_trainings/pull/12,2020-06-05T23:15:58Z,20
/UriBombastic/STEP/pull/1,2020-05-27T15:51:09Z,1
/UriBombastic/STEP/pull/2,2020-05-28T17:08:57Z,2
/UriBombastic/STEP/pull/3,2020-05-28T20:40:04Z,7
/UriBombastic/STEP/pull/4,2020-06-01T15:08:56Z,18
/UriBombastic/STEP/pull/5,2020-06-03T20:11:36Z,42
/UriBombastic/STEP/pull/6,2020-06-09T15:58:44Z,4
/kirakira0/step-portfolio/pull/1,2020-05-26T18:31:22Z,0
/kirakira0/step-portfolio/pull/2,2020-05-27T22:38:45Z,12
/kirakira0/step-portfolio/pull/3,2020-05-28T20:16:13Z,3
/kirakira0/step-portfolio/pull/4,2020-05-29T01:14:51Z,12
/kirakira0/step-portfolio/pull/5,2020-05-29T19:50:52Z,9
/kirakira0/step-portfolio/pull/6,2020-05-30T01:41:42Z,0
/kirakira0/step-portfolio/pull/7,2020-06-01T16:41:31Z,0
/kirakira0/step-portfolio/pull/8,2020-06-01T18:47:35Z,0
/kirakira0/step-portfolio/pull/10,2020-06-01T20:44:27Z,12
/kirakira0/step-portfolio/pull/11,2020-06-04T05:16:01Z,9
/kirakira0/step-portfolio/pull/12,2020-06-05T05:41:59Z,27
/kirakira0/step-portfolio/pull/13,2020-06-05T23:09:48Z,0
/kirakira0/step-portfolio/pull/14,2020-06-09T21:10:31Z,1
/SusanaPerezJ/step-project/pull/1,2020-06-02T06:45:42Z,0
/SusanaPerezJ/step-project/pull/2,2020-06-04T09:21:29Z,18
/SusanaPerezJ/step-project/pull/3,2020-06-06T06:24:07Z,20
/jiaxi312/my-portfolio/pull/1,2020-06-11T01:36:22Z,0
/jiaxi312/my-portfolio/pull/2,2020-06-11T04:23:39Z,12
/jindaln/STEP_repository/pull/1,2020-05-27T17:16:49Z,1
/jindaln/STEP_repository/pull/2,2020-05-29T21:54:55Z,0
/jindaln/STEP_repository/pull/3,2020-05-29T22:23:39Z,20
/jindaln/STEP_repository/pull/4,2020-06-01T17:07:08Z,0
/jindaln/STEP_repository/pull/5,2020-06-01T22:42:22Z,2
/jindaln/STEP_repository/pull/6,2020-06-02T17:13:30Z,27
/jindaln/STEP_repository/pull/7,2020-06-03T15:51:53Z,23
/jindaln/STEP_repository/pull/8,2020-06-06T03:05:48Z,0
/jindaln/STEP_repository/pull/9,2020-06-06T20:16:04Z,0
/jindaln/STEP_repository/pull/10,2020-06-09T19:48:30Z,0
/jindaln/STEP_repository/pull/11,2020-06-10T16:15:18Z,1
/chen-dawn/step/pull/1,2020-05-14T05:59:05Z,0
/chen-dawn/step/pull/2,2020-05-30T21:47:28Z,0
/chen-dawn/step/pull/3,2020-05-30T22:10:19Z,0
/chen-dawn/step/pull/4,2020-05-31T08:19:34Z,0
/chen-dawn/step/pull/5,2020-05-31T08:23:50Z,0
/chen-dawn/step/pull/6,2020-06-10T05:05:56Z,0
/mcradcliffe2490/step-portfolio/pull/1,2020-06-01T21:15:48Z,4
/mcradcliffe2490/step-portfolio/pull/2,2020-06-05T16:48:42Z,0
/mcradcliffe2490/step-portfolio/pull/3,2020-06-07T20:00:51Z,13
/wangyannhao/step/pull/1,2020-06-04T02:04:55Z,0
/wangyannhao/step/pull/2,2020-06-04T02:43:36Z,0
/irisliu77/STEP/pull/1,2020-05-26T21:43:16Z,39
/irisliu77/STEP/pull/2,2020-05-27T22:16:48Z,14
/irisliu77/STEP/pull/3,2020-05-28T22:49:34Z,6
/irisliu77/STEP/pull/4,2020-05-29T01:45:44Z,12
/irisliu77/STEP/pull/5,2020-06-01T15:54:39Z,1
/irisliu77/STEP/pull/6,2020-06-01T19:51:56Z,4
/irisliu77/STEP/pull/7,2020-06-02T18:21:09Z,6
/irisliu77/STEP/pull/8,2020-06-02T22:31:41Z,9
/irisliu77/STEP/pull/9,2020-06-03T01:28:59Z,18
/irisliu77/STEP/pull/10,2020-06-03T21:55:10Z,29
/irisliu77/STEP/pull/11,2020-06-05T19:36:18Z,7
/irisliu77/STEP/pull/12,2020-06-06T00:44:55Z,2
/irisliu77/STEP/pull/13,2020-06-08T20:24:14Z,23
/irisliu77/STEP/pull/14,2020-06-09T21:48:22Z,18
/lxcyqx/step/pull/1,2020-05-21T20:20:49Z,0
/lxcyqx/step/pull/2,2020-05-28T18:46:28Z,6
/lxcyqx/step/pull/3,2020-05-28T21:04:16Z,0
/lxcyqx/step/pull/4,2020-05-29T15:12:19Z,2
/lxcyqx/step/pull/5,2020-06-01T16:09:20Z,0
/lxcyqx/step/pull/6,2020-06-01T19:26:07Z,1
/lxcyqx/step/pull/7,2020-06-01T23:25:00Z,3
/lxcyqx/step/pull/8,2020-06-02T22:19:55Z,4
/lxcyqx/step/pull/9,2020-06-04T17:11:13Z,1
/lxcyqx/step/pull/10,2020-06-05T19:53:23Z,9
/lxcyqx/step/pull/11,2020-06-10T18:19:10Z,13
/lxcyqx/step/pull/12,2020-06-10T20:46:12Z,0
/lxcyqx/step/pull/13,2020-06-10T22:07:35Z,13
/dianapvalles/step/pull/1,2020-06-03T18:19:13Z,0
/dianapvalles/step/pull/2,2020-06-05T20:32:25Z,17
/dianapvalles/step/pull/3,2020-06-06T03:03:35Z,0
/dianapvalles/step/pull/4,2020-06-08T16:37:58Z,16
/dianapvalles/step/pull/5,2020-06-09T16:50:32Z,23
/dianapvalles/step/pull/6,2020-06-10T18:05:02Z,5
/dianapvalles/step/pull/7,2020-06-10T23:21:18Z,2
/brandonkj23/step/pull/1,2020-05-26T18:05:53Z,0
/brandonkj23/step/pull/2,2020-05-27T17:33:02Z,3
/brandonkj23/step/pull/3,2020-05-29T16:44:43Z,0
/brandonkj23/step/pull/4,2020-06-01T13:27:38Z,7
/brandonkj23/step/pull/5,2020-06-03T13:16:53Z,5
/brandonkj23/step/pull/6,2020-06-05T05:21:43Z,1
/jdstriker731/step-portfolio/pull/1,2020-05-21T17:22:08Z,3
/jdstriker731/step-portfolio/pull/3,2020-05-26T23:04:51Z,23
/jdstriker731/step-portfolio/pull/4,2020-05-28T00:42:53Z,6
/jdstriker731/step-portfolio/pull/5,2020-05-28T17:38:54Z,1
/jdstriker731/step-portfolio/pull/6,2020-05-28T20:10:57Z,0
/jdstriker731/step-portfolio/pull/7,2020-05-29T22:42:19Z,0
/jdstriker731/step-portfolio/pull/8,2020-06-01T18:49:16Z,0
/jdstriker731/step-portfolio/pull/9,2020-06-01T21:19:56Z,0
/jdstriker731/step-portfolio/pull/10,2020-06-02T15:57:44Z,31
/jdstriker731/step-portfolio/pull/11,2020-06-03T19:44:46Z,10
/jdstriker731/step-portfolio/pull/12,2020-06-08T17:19:31Z,7
/Praful22/StepsummerII/pull/1,2020-05-28T21:36:29Z,33
/Praful22/StepsummerII/pull/2,2020-06-02T15:52:56Z,5
/Praful22/StepsummerII/pull/3,2020-06-02T22:12:53Z,9
/Praful22/StepsummerII/pull/4,2020-06-04T17:55:13Z,0
/Praful22/StepsummerII/pull/5,2020-06-05T16:57:55Z,1
/Praful22/StepsummerII/pull/6,2020-06-08T21:47:01Z,8
/Praful22/StepsummerII/pull/7,2020-06-10T22:04:43Z,7
/hollyyuqizheng/step-portfolio/pull/1,2020-05-26T19:48:18Z,23
/hollyyuqizheng/step-portfolio/pull/2,2020-05-28T20:27:07Z,37
/hollyyuqizheng/step-portfolio/pull/3,2020-06-02T13:55:48Z,35
/hollyyuqizheng/step-portfolio/pull/4,2020-06-08T22:13:40Z,41
/tgomezzzz/step/pull/1,2020-05-26T16:54:04Z,10
/tgomezzzz/step/pull/2,2020-05-29T20:52:21Z,4
/tgomezzzz/step/pull/3,2020-05-30T00:57:32Z,3
/tgomezzzz/step/pull/4,2020-05-30T17:42:24Z,7
/tgomezzzz/step/pull/5,2020-05-30T18:59:44Z,3
/tgomezzzz/step/pull/6,2020-06-01T02:33:09Z,1
/tgomezzzz/step/pull/7,2020-06-01T16:56:56Z,1
/tgomezzzz/step/pull/8,2020-06-02T01:29:13Z,10
/tgomezzzz/step/pull/9,2020-06-02T19:47:49Z,1
/tgomezzzz/step/pull/10,2020-06-03T17:36:27Z,1
/tgomezzzz/step/pull/11,2020-06-04T22:51:23Z,0
/tgomezzzz/step/pull/12,2020-06-08T15:56:46Z,0
/tgomezzzz/step/pull/13,2020-06-10T21:13:44Z,0
/kathleen-lund/step/pull/1,2020-05-26T13:59:43Z,0
/kathleen-lund/step/pull/2,2020-05-28T17:56:39Z,24
/kathleen-lund/step/pull/3,2020-06-01T21:55:56Z,16
/kathleen-lund/step/pull/4,2020-06-04T14:57:17Z,8
/kathleen-lund/step/pull/5,2020-06-08T18:58:03Z,12
/kathleen-lund/step/pull/6,2020-06-10T22:52:57Z,6
/shainachen/my-portfolio/pull/1,2020-05-28T00:19:26Z,2
/shainachen/my-portfolio/pull/2,2020-05-29T21:22:18Z,4
/shainachen/my-portfolio/pull/3,2020-06-02T00:28:36Z,0
/shainachen/my-portfolio/pull/4,2020-06-03T17:55:16Z,21
/shainachen/my-portfolio/pull/5,2020-06-08T23:04:27Z,38
/shainachen/my-portfolio/pull/6,2020-06-11T00:54:49Z,0
/JBobda/step/pull/1,2020-05-26T21:09:24Z,1
/JBobda/step/pull/2,2020-05-27T18:38:52Z,1
/JBobda/step/pull/3,2020-05-28T16:52:28Z,0
/JBobda/step/pull/4,2020-05-28T18:25:48Z,1
/JBobda/step/pull/5,2020-05-29T20:00:00Z,2
/JBobda/step/pull/6,2020-06-01T17:13:48Z,0
/JBobda/step/pull/7,2020-06-02T16:23:32Z,0
/JBobda/step/pull/8,2020-06-02T17:37:10Z,0
/JBobda/step/pull/9,2020-06-02T19:21:09Z,0
/JBobda/step/pull/10,2020-06-02T19:42:12Z,1
/JBobda/step/pull/11,2020-06-04T15:10:57Z,2
/JBobda/step/pull/12,2020-06-08T14:41:36Z,1
/JBobda/step/pull/13,2020-06-08T18:43:07Z,3
/JBobda/step/pull/14,2020-06-10T16:52:13Z,2
/jeremy-weiss/portfolio/pull/1,2020-05-26T19:01:03Z,0
/jeremy-weiss/portfolio/pull/2,2020-05-28T18:17:16Z,0
/jeremy-weiss/portfolio/pull/3,2020-05-29T18:05:41Z,0
/jeremy-weiss/portfolio/pull/4,2020-05-29T22:38:06Z,1
/jeremy-weiss/portfolio/pull/5,2020-06-01T19:24:07Z,0
/jeremy-weiss/portfolio/pull/6,2020-06-01T22:15:39Z,9
/jeremy-weiss/portfolio/pull/7,2020-06-05T20:18:13Z,0
/jeremy-weiss/portfolio/pull/8,2020-06-07T23:24:43Z,0
/AlvieH/step/pull/2,2020-05-28T17:20:07Z,20
/AlvieH/step/pull/3,2020-06-01T13:52:31Z,4
/AlvieH/step/pull/4,2020-06-01T15:33:17Z,0
/AlvieH/step/pull/5,2020-06-02T16:10:37Z,34
/AlvieH/step/pull/6,2020-06-08T19:07:52Z,0
/tncarr101/my-portfolio/pull/1,2020-05-28T15:04:47Z,0
/tncarr101/my-portfolio/pull/2,2020-06-01T18:44:29Z,0
/tncarr101/my-portfolio/pull/3,2020-06-03T01:27:20Z,5
/tncarr101/my-portfolio/pull/4,2020-06-05T21:38:59Z,13
/tncarr101/my-portfolio/pull/5,2020-06-10T18:27:19Z,0
/oasemota99/My_Portfolio/pull/1,2020-05-29T18:00:08Z,2
/oasemota99/My_Portfolio/pull/2,2020-06-02T11:11:12Z,9
/oasemota99/My_Portfolio/pull/3,2020-06-03T19:46:47Z,5
/oasemota99/My_Portfolio/pull/4,2020-06-04T21:08:16Z,17
/oasemota99/My_Portfolio/pull/5,2020-06-07T03:18:25Z,13
/aamanhey/my-portfolio/pull/1,2020-06-02T02:47:05Z,6
/aamanhey/my-portfolio/pull/2,2020-06-04T01:04:46Z,4
/aamanhey/my-portfolio/pull/3,2020-06-08T21:42:28Z,32
/ayoadekunle/my-portfolio/pull/1,2020-06-08T05:00:35Z,3
/ayoadekunle/my-portfolio/pull/2,2020-06-09T13:50:52Z,1
/ayoadekunle/my-portfolio/pull/3,2020-06-11T16:14:13Z,0
/sjacks49/shawnjj-portfolio/pull/1,2020-05-26T18:16:13Z,0
/sjacks49/shawnjj-portfolio/pull/2,2020-05-27T20:55:56Z,0
/sjacks49/shawnjj-portfolio/pull/3,2020-05-28T23:10:09Z,1
/sjacks49/shawnjj-portfolio/pull/4,2020-06-02T22:51:58Z,4
/sjacks49/shawnjj-portfolio/pull/5,2020-06-05T22:40:29Z,2
/sjacks49/shawnjj-portfolio/pull/6,2020-06-09T17:58:22Z,6
/connorbrett/step/pull/1,2020-05-26T18:17:48Z,1
/connorbrett/step/pull/2,2020-05-27T21:58:20Z,10
/connorbrett/step/pull/3,2020-05-28T23:29:46Z,3
/connorbrett/step/pull/4,2020-05-29T20:19:25Z,9
/connorbrett/step/pull/5,2020-06-01T17:40:44Z,0
/connorbrett/step/pull/6,2020-06-01T20:08:49Z,2
/connorbrett/step/pull/7,2020-06-01T20:59:19Z,6
/connorbrett/step/pull/8,2020-06-02T19:33:36Z,4
/connorbrett/step/pull/9,2020-06-03T18:57:50Z,6
/connorbrett/step/pull/10,2020-06-04T17:37:43Z,8
/connorbrett/step/pull/11,2020-06-05T19:35:27Z,2
/connorbrett/step/pull/12,2020-06-05T22:07:28Z,4
/connorbrett/step/pull/13,2020-06-08T21:41:59Z,6
/connorbrett/step/pull/14,2020-06-10T18:15:08Z,9
/codewithjess/step2020/pull/1,2020-05-15T00:20:30Z,1
/codewithjess/step2020/pull/2,2020-06-06T00:20:01Z,0
/codewithjess/step2020/pull/3,2020-06-08T04:05:39Z,0
/codewithjess/step2020/pull/4,2020-06-08T04:37:53Z,0
/codewithjess/step2020/pull/5,2020-06-08T05:05:06Z,0
/codewithjess/step2020/pull/6,2020-06-08T05:08:01Z,0
/codewithjess/step2020/pull/7,2020-06-08T16:42:42Z,0
/codewithjess/step2020/pull/8,2020-06-08T16:56:53Z,0
/codewithjess/step2020/pull/9,2020-06-08T16:59:28Z,0
/codewithjess/step2020/pull/10,2020-06-08T23:52:18Z,0
/max-friedman/my-portfolio/pull/1,2020-05-21T01:28:27Z,0
/max-friedman/my-portfolio/pull/2,2020-05-21T01:36:09Z,0
/max-friedman/my-portfolio/pull/3,2020-05-21T01:38:49Z,5
/max-friedman/my-portfolio/pull/4,2020-05-27T00:34:45Z,9
/max-friedman/my-portfolio/pull/5,2020-05-28T19:04:59Z,0
/max-friedman/my-portfolio/pull/6,2020-05-29T23:28:43Z,3
/max-friedman/my-portfolio/pull/7,2020-06-01T21:34:53Z,10
/max-friedman/my-portfolio/pull/8,2020-06-02T20:42:50Z,2
/max-friedman/my-portfolio/pull/9,2020-06-03T22:53:41Z,0
/max-friedman/my-portfolio/pull/10,2020-06-05T19:33:59Z,0
/max-friedman/my-portfolio/pull/11,2020-06-08T23:58:39Z,7
/max-friedman/my-portfolio/pull/12,2020-06-09T21:44:27Z,11
/hajiler/STEP_2020/pull/1,2020-05-27T19:23:53Z,2
/hajiler/STEP_2020/pull/2,2020-05-27T20:26:21Z,11
/hajiler/STEP_2020/pull/3,2020-05-27T21:02:46Z,1
/hajiler/STEP_2020/pull/4,2020-05-27T21:47:06Z,2
/hajiler/STEP_2020/pull/5,2020-05-27T22:51:50Z,0
/hajiler/STEP_2020/pull/6,2020-05-28T16:09:58Z,0
/hajiler/STEP_2020/pull/7,2020-05-28T18:26:08Z,0
/hajiler/STEP_2020/pull/8,2020-05-28T18:37:55Z,0
/hajiler/STEP_2020/pull/9,2020-05-28T21:28:37Z,2
/hajiler/STEP_2020/pull/10,2020-05-28T21:55:38Z,2
/hajiler/STEP_2020/pull/11,2020-05-29T18:40:34Z,4
/hajiler/STEP_2020/pull/12,2020-05-29T18:58:17Z,0
/hajiler/STEP_2020/pull/13,2020-05-29T21:22:52Z,0
/hajiler/STEP_2020/pull/14,2020-05-29T22:57:59Z,7
/hajiler/STEP_2020/pull/15,2020-06-01T17:35:53Z,0
/hajiler/STEP_2020/pull/16,2020-06-01T19:37:34Z,3
/hajiler/STEP_2020/pull/17,2020-06-01T22:28:39Z,0
/hajiler/STEP_2020/pull/18,2020-06-01T22:52:23Z,1
/hajiler/STEP_2020/pull/19,2020-06-02T18:53:24Z,0
/hajiler/STEP_2020/pull/20,2020-06-03T00:04:43Z,3
/SibingWu/step/pull/1,2020-05-26T09:00:54Z,4
/SibingWu/step/pull/2,2020-05-27T02:21:33Z,4
/SibingWu/step/pull/3,2020-05-27T09:47:34Z,20
/SibingWu/step/pull/8,2020-05-28T04:28:27Z,7
/SibingWu/step/pull/11,2020-05-29T07:11:00Z,23
/SibingWu/step/pull/12,2020-05-29T08:30:20Z,0
/SibingWu/step/pull/13,2020-05-29T08:38:16Z,0
/SibingWu/step/pull/14,2020-06-01T03:52:42Z,0
/SibingWu/step/pull/15,2020-06-01T08:51:05Z,2
/SibingWu/step/pull/18,2020-06-01T09:51:04Z,2
/SibingWu/step/pull/20,2020-06-02T09:02:19Z,5
/SibingWu/step/pull/22,2020-06-03T03:23:23Z,0
/SibingWu/step/pull/23,2020-06-03T11:17:43Z,49
/SibingWu/step/pull/25,2020-06-04T06:51:18Z,11
/SibingWu/step/pull/27,2020-06-04T08:48:23Z,40
/SibingWu/step/pull/29,2020-06-08T04:06:36Z,50
/SibingWu/step/pull/31,2020-06-10T06:49:03Z,15
/SibingWu/step/pull/33,2020-06-11T04:18:49Z,0
/SibingWu/step/pull/35,2020-06-11T14:01:51Z,0
/SibingWu/step/pull/37,2020-06-11T14:48:17Z,0
/jiaxinz-g/step/pull/1,2020-05-28T06:36:48Z,2
/jiaxinz-g/step/pull/2,2020-05-29T19:23:14Z,0
/jiaxinz-g/step/pull/3,2020-06-02T06:02:14Z,0
/jiaxinz-g/step/pull/4,2020-06-02T06:58:23Z,0
/jiaxinz-g/step/pull/5,2020-06-03T06:06:19Z,0
/jiaxinz-g/step/pull/6,2020-06-03T07:10:09Z,0
/difanyang/step/pull/1,2020-06-09T08:24:28Z,2
/difanyang/step/pull/2,2020-06-11T08:55:39Z,5
/nmittu/STEP-2020/pull/1,2020-05-26T14:31:40Z,0
/nmittu/STEP-2020/pull/2,2020-05-26T17:44:05Z,0
/nmittu/STEP-2020/pull/3,2020-05-27T16:40:03Z,0
/nmittu/STEP-2020/pull/4,2020-05-27T19:14:16Z,0
/nmittu/STEP-2020/pull/5,2020-05-27T22:21:49Z,0
/nmittu/STEP-2020/pull/6,2020-05-28T15:36:40Z,0
/nmittu/STEP-2020/pull/7,2020-05-28T16:45:34Z,0
/nmittu/STEP-2020/pull/8,2020-05-29T15:01:37Z,0
/nmittu/STEP-2020/pull/9,2020-05-29T20:40:48Z,0
/nmittu/STEP-2020/pull/10,2020-06-01T13:49:33Z,0
/nmittu/STEP-2020/pull/11,2020-06-01T15:37:26Z,0
/nmittu/STEP-2020/pull/12,2020-06-01T21:11:23Z,0
/nmittu/STEP-2020/pull/13,2020-06-02T18:26:34Z,0
/nmittu/STEP-2020/pull/14,2020-06-03T14:54:41Z,0
/nmittu/STEP-2020/pull/15,2020-06-03T18:56:16Z,0
/nmittu/STEP-2020/pull/16,2020-06-04T20:02:29Z,0
/nmittu/STEP-2020/pull/17,2020-06-05T17:29:44Z,0
/nmittu/STEP-2020/pull/18,2020-06-08T14:07:16Z,0
/nmittu/STEP-2020/pull/19,2020-06-08T20:13:50Z,0
/cassmarcussen/google-step/pull/1,2020-05-27T13:20:00Z,13
/cassmarcussen/google-step/pull/2,2020-06-04T22:02:40Z,37
/cassmarcussen/google-step/pull/3,2020-06-08T17:44:40Z,31
/smarquez-jpg/my-portfolio/pull/1,2020-05-27T14:45:48Z,0
/smarquez-jpg/my-portfolio/pull/2,2020-06-05T20:43:12Z,20
/smarquez-jpg/my-portfolio/pull/3,2020-06-10T15:13:17Z,9
/laptou/step/pull/1,2020-05-26T19:42:28Z,17
/laptou/step/pull/2,2020-05-26T20:04:44Z,13
/laptou/step/pull/3,2020-05-26T21:38:45Z,2
/laptou/step/pull/4,2020-05-26T21:40:34Z,0
/laptou/step/pull/5,2020-05-26T21:43:24Z,9
/laptou/step/pull/6,2020-05-26T22:20:54Z,2
/laptou/step/pull/7,2020-05-26T23:02:06Z,13
/laptou/step/pull/8,2020-05-28T22:24:53Z,1
/laptou/step/pull/9,2020-05-29T00:02:18Z,51
/laptou/step/pull/10,2020-05-29T18:43:12Z,37
/laptou/step/pull/11,2020-06-01T19:09:51Z,9
/laptou/step/pull/12,2020-06-01T19:12:10Z,3
/laptou/step/pull/13,2020-06-01T19:12:49Z,5
/laptou/step/pull/14,2020-06-02T16:39:50Z,18
/laptou/step/pull/15,2020-06-02T16:40:35Z,3
/laptou/step/pull/16,2020-06-02T22:07:30Z,2
/laptou/step/pull/17,2020-06-03T18:19:05Z,7
/laptou/step/pull/18,2020-06-03T18:32:30Z,13
/laptou/step/pull/19,2020-06-03T19:06:12Z,11
/laptou/step/pull/20,2020-06-03T21:26:17Z,8
/AbakirH/Abakir-sSTEP/pull/1,2020-05-26T15:58:24Z,3
/AbakirH/Abakir-sSTEP/pull/2,2020-05-26T19:14:45Z,4
/AbakirH/Abakir-sSTEP/pull/3,2020-05-27T14:39:58Z,0
/AbakirH/Abakir-sSTEP/pull/4,2020-05-27T14:49:09Z,8
/AbakirH/Abakir-sSTEP/pull/5,2020-05-28T12:26:48Z,6
/AbakirH/Abakir-sSTEP/pull/6,2020-05-31T23:19:19Z,3
/AbakirH/Abakir-sSTEP/pull/7,2020-06-01T14:32:59Z,0
/AbakirH/Abakir-sSTEP/pull/8,2020-06-02T17:47:00Z,1
/AbakirH/Abakir-sSTEP/pull/9,2020-06-03T17:26:43Z,18
/AbakirH/Abakir-sSTEP/pull/10,2020-06-04T18:19:25Z,19
/AbakirH/Abakir-sSTEP/pull/11,2020-06-05T12:42:55Z,35
/AbakirH/Abakir-sSTEP/pull/12,2020-06-08T12:51:27Z,3
/AbakirH/Abakir-sSTEP/pull/13,2020-06-09T15:16:05Z,0
/AbakirH/Abakir-sSTEP/pull/14,2020-06-11T09:58:16Z,0
/jamierashley/step-projects/pull/1,2020-06-01T19:46:08Z,0
/jamierashley/step-projects/pull/2,2020-06-03T01:21:59Z,0
/jamierashley/step-projects/pull/3,2020-06-04T17:03:04Z,3
/jamierashley/step-projects/pull/4,2020-06-05T18:17:39Z,2
/jamierashley/step-projects/pull/5,2020-06-08T18:59:45Z,0
/jamierashley/step-projects/pull/6,2020-06-09T16:26:52Z,1
/jamierashley/step-projects/pull/7,2020-06-10T16:49:03Z,4
/hannahsalameh/step/pull/1,2020-05-26T18:37:51Z,5
/hannahsalameh/step/pull/2,2020-05-26T20:44:13Z,0
/hannahsalameh/step/pull/3,2020-05-27T16:12:53Z,8
/hannahsalameh/step/pull/4,2020-05-27T20:05:30Z,10
/hannahsalameh/step/pull/5,2020-05-28T18:19:01Z,17
/hannahsalameh/step/pull/6,2020-05-29T14:58:15Z,1
/hannahsalameh/step/pull/7,2020-05-29T15:27:42Z,1
/hannahsalameh/step/pull/8,2020-06-01T14:01:50Z,0
/hannahsalameh/step/pull/9,2020-06-01T15:20:16Z,1
/hannahsalameh/step/pull/10,2020-06-01T20:33:47Z,15
/hannahsalameh/step/pull/11,2020-06-02T17:21:46Z,14
/hannahsalameh/step/pull/12,2020-06-03T15:24:20Z,10
/hannahsalameh/step/pull/13,2020-06-03T17:55:04Z,1
/hannahsalameh/step/pull/14,2020-06-08T20:35:35Z,3
/hannahsalameh/step/pull/15,2020-06-08T22:49:40Z,11
/hannahsalameh/step/pull/16,2020-06-10T18:48:19Z,7
/hannahsalameh/step/pull/17,2020-06-10T19:34:43Z,0
/smontana30/step/pull/1,2020-05-26T16:13:38Z,0
/smontana30/step/pull/2,2020-05-28T23:47:32Z,20
/smontana30/step/pull/3,2020-05-29T21:54:08Z,10
/smontana30/step/pull/4,2020-06-02T22:47:44Z,20
/smontana30/step/pull/5,2020-06-10T17:17:53Z,16
/guavafanclub/step/pull/1,2020-05-26T20:31:14Z,3
/guavafanclub/step/pull/2,2020-05-28T19:51:46Z,15
/guavafanclub/step/pull/3,2020-05-28T21:04:49Z,5
/guavafanclub/step/pull/4,2020-05-29T16:00:17Z,8
/guavafanclub/step/pull/5,2020-06-04T14:40:54Z,0
/guavafanclub/step/pull/6,2020-06-04T14:41:49Z,1
/guavafanclub/step/pull/7,2020-06-04T14:43:42Z,0
/guavafanclub/step/pull/8,2020-06-04T14:44:44Z,0
/guavafanclub/step/pull/9,2020-06-04T14:45:53Z,5
/iris-beckham/STEP/pull/1,2020-05-27T18:47:38Z,1
/iris-beckham/STEP/pull/2,2020-06-08T13:03:37Z,5
/iris-beckham/STEP/pull/3,2020-06-10T12:31:50Z,6
/aliu917/step-projects/pull/1,2020-05-26T17:12:01Z,5
/aliu917/step-projects/pull/2,2020-05-28T00:51:19Z,1
/aliu917/step-projects/pull/3,2020-05-28T20:27:35Z,0
/aliu917/step-projects/pull/4,2020-05-30T00:26:12Z,0
/aliu917/step-projects/pull/5,2020-06-01T20:21:36Z,0
/aliu917/step-projects/pull/6,2020-06-02T17:48:36Z,0
/aliu917/step-projects/pull/7,2020-06-03T17:17:06Z,4
/aliu917/step-projects/pull/8,2020-06-05T17:45:38Z,3
/aliu917/step-projects/pull/9,2020-06-06T00:26:36Z,1
/aliu917/step-projects/pull/10,2020-06-09T16:29:09Z,0
/TcgVanguardTroll/Google-STEP/pull/1,2020-05-26T16:10:44Z,18
/TcgVanguardTroll/Google-STEP/pull/2,2020-05-27T15:46:04Z,13
/TcgVanguardTroll/Google-STEP/pull/3,2020-05-29T16:02:19Z,5
/TcgVanguardTroll/Google-STEP/pull/4,2020-05-29T23:05:52Z,10
/TcgVanguardTroll/Google-STEP/pull/5,2020-06-02T18:13:37Z,22
/TcgVanguardTroll/Google-STEP/pull/6,2020-06-03T16:11:56Z,36
/TcgVanguardTroll/Google-STEP/pull/7,2020-06-05T17:08:24Z,16
/TcgVanguardTroll/Google-STEP/pull/8,2020-06-05T21:32:05Z,5
/TcgVanguardTroll/Google-STEP/pull/9,2020-06-07T18:38:15Z,24
/TcgVanguardTroll/Google-STEP/pull/10,2020-06-10T04:41:56Z,41
/mihirapatel/step/pull/1,2020-05-26T20:12:55Z,7
/mihirapatel/step/pull/2,2020-05-28T16:47:03Z,1
/mihirapatel/step/pull/3,2020-05-28T20:49:53Z,0
/mihirapatel/step/pull/4,2020-05-30T00:12:09Z,1
/mihirapatel/step/pull/5,2020-06-01T23:28:57Z,2
/mihirapatel/step/pull/6,2020-06-03T20:30:37Z,0
/mihirapatel/step/pull/7,2020-06-04T22:59:18Z,2
/mihirapatel/step/pull/8,2020-06-09T18:30:36Z,2
/eash130/step/pull/1,2020-05-26T19:02:51Z,0
/eash130/step/pull/2,2020-05-28T16:19:20Z,9
/eash130/step/pull/3,2020-05-28T20:32:22Z,3
/eash130/step/pull/4,2020-05-29T20:49:09Z,12
/eash130/step/pull/5,2020-06-01T22:25:42Z,0
/eash130/step/pull/6,2020-06-01T22:26:05Z,0
/eash130/step/pull/7,2020-06-02T15:34:51Z,1
/eash130/step/pull/8,2020-06-02T18:11:21Z,7
/eash130/step/pull/9,2020-06-02T20:48:29Z,1
/eash130/step/pull/10,2020-06-02T21:30:00Z,9
/eash130/step/pull/11,2020-06-04T16:28:50Z,7
/eash130/step/pull/12,2020-06-05T19:31:00Z,6
/eash130/step/pull/13,2020-06-08T18:58:55Z,0
/eash130/step/pull/14,2020-06-08T21:09:42Z,7
/eash130/step/pull/15,2020-06-09T18:32:48Z,1
/eash130/step/pull/16,2020-06-10T13:53:59Z,4
/tonioshikanlu/step-internship/pull/1,2020-05-29T00:39:07Z,0
/tonioshikanlu/step-internship/pull/2,2020-05-29T00:50:27Z,0
/tonioshikanlu/step-internship/pull/3,2020-05-29T00:52:31Z,0
/tonioshikanlu/step-internship/pull/4,2020-05-29T17:41:15Z,0
/tonioshikanlu/step-internship/pull/5,2020-05-29T18:20:46Z,0
/tonioshikanlu/step-internship/pull/6,2020-05-29T21:25:44Z,0
/tonioshikanlu/step-internship/pull/7,2020-06-01T16:54:33Z,0
/tonioshikanlu/step-internship/pull/8,2020-06-01T17:28:51Z,1
/tonioshikanlu/step-internship/pull/9,2020-06-03T16:43:24Z,3
/tonioshikanlu/step-internship/pull/10,2020-06-03T19:15:58Z,5
/tonioshikanlu/step-internship/pull/11,2020-06-08T16:43:25Z,0
/tonioshikanlu/step-internship/pull/12,2020-06-09T20:03:17Z,13
/RCAVelez/step/pull/1,2020-05-27T14:24:45Z,0
/RCAVelez/step/pull/2,2020-05-28T13:21:05Z,19
/RCAVelez/step/pull/3,2020-05-28T17:54:01Z,14
/RCAVelez/step/pull/4,2020-05-29T15:44:26Z,23
/RCAVelez/step/pull/5,2020-05-29T15:57:48Z,14
/RCAVelez/step/pull/6,2020-05-29T17:53:29Z,10
/RCAVelez/step/pull/7,2020-05-29T18:01:00Z,1
/RCAVelez/step/pull/8,2020-06-01T18:43:20Z,0
/RCAVelez/step/pull/9,2020-06-01T19:17:47Z,7
/RCAVelez/step/pull/10,2020-06-02T14:32:16Z,4
/RCAVelez/step/pull/11,2020-06-02T19:39:05Z,0
/RCAVelez/step/pull/12,2020-06-02T19:43:04Z,0
/RCAVelez/step/pull/13,2020-06-02T19:58:37Z,0
/RCAVelez/step/pull/14,2020-06-02T21:00:01Z,11
/RCAVelez/step/pull/15,2020-06-03T16:17:34Z,35
/RCAVelez/step/pull/16,2020-06-04T18:51:34Z,14
/RCAVelez/step/pull/17,2020-06-05T15:50:51Z,38
/RCAVelez/step/pull/18,2020-06-06T04:58:31Z,37
/RCAVelez/step/pull/19,2020-06-08T14:06:00Z,5
/RCAVelez/step/pull/20,2020-06-08T14:32:00Z,15
/danielabreo/portfolio/pull/1,2020-05-28T13:40:12Z,3
/danielabreo/portfolio/pull/2,2020-06-01T16:33:02Z,6
/danielabreo/portfolio/pull/3,2020-06-02T17:08:04Z,3
/danielabreo/portfolio/pull/4,2020-06-03T14:41:29Z,7
/danielabreo/portfolio/pull/5,2020-06-03T21:28:54Z,8
/danielabreo/portfolio/pull/6,2020-06-04T20:00:14Z,3
/danielabreo/portfolio/pull/7,2020-06-05T17:33:08Z,8
/danielabreo/portfolio/pull/8,2020-06-08T17:24:59Z,16
/danielabreo/portfolio/pull/9,2020-06-10T16:45:14Z,2
/danielabreo/portfolio/pull/10,2020-06-11T15:08:26Z,0
/gccurtis/gccurtis-step-repo/pull/1,2020-05-31T20:27:29Z,2
/gccurtis/gccurtis-step-repo/pull/2,2020-06-01T16:34:11Z,6
/gccurtis/gccurtis-step-repo/pull/3,2020-06-02T14:49:05Z,6
/gccurtis/gccurtis-step-repo/pull/4,2020-06-04T07:11:00Z,1
/gccurtis/gccurtis-step-repo/pull/5,2020-06-04T16:18:52Z,5
/gccurtis/gccurtis-step-repo/pull/6,2020-06-07T07:51:07Z,18
/gccurtis/gccurtis-step-repo/pull/7,2020-06-11T05:44:08Z,0
/Sherry2001/step/pull/1,2020-05-28T08:40:32Z,22
/Sherry2001/step/pull/2,2020-05-29T19:12:59Z,36
/Sherry2001/step/pull/3,2020-06-01T22:03:05Z,2
/Sherry2001/step/pull/4,2020-06-04T01:56:04Z,37
/Sherry2001/step/pull/5,2020-06-06T01:38:02Z,2
/Sherry2001/step/pull/6,2020-06-09T05:14:30Z,0
/Sherry2001/step/pull/7,2020-06-10T01:08:41Z,14
/Sherry2001/step/pull/8,2020-06-11T03:07:36Z,4
/RolandNaijuka/step_internship_portfolio/pull/1,2020-05-26T15:41:15Z,0
/RolandNaijuka/step_internship_portfolio/pull/2,2020-05-27T15:13:46Z,0
/RolandNaijuka/step_internship_portfolio/pull/3,2020-05-27T15:17:40Z,10
/RolandNaijuka/step_internship_portfolio/pull/4,2020-05-27T22:02:52Z,6
/RolandNaijuka/step_internship_portfolio/pull/5,2020-05-27T22:31:11Z,1
/RolandNaijuka/step_internship_portfolio/pull/6,2020-05-28T21:42:28Z,12
/RolandNaijuka/step_internship_portfolio/pull/7,2020-05-29T16:09:21Z,5
/RolandNaijuka/step_internship_portfolio/pull/8,2020-06-01T14:08:09Z,6
/RolandNaijuka/step_internship_portfolio/pull/9,2020-06-01T14:45:08Z,4
/RolandNaijuka/step_internship_portfolio/pull/10,2020-06-01T15:00:07Z,0
/RolandNaijuka/step_internship_portfolio/pull/11,2020-06-02T13:17:51Z,0
/RolandNaijuka/step_internship_portfolio/pull/12,2020-06-02T14:45:19Z,20
/RolandNaijuka/step_internship_portfolio/pull/13,2020-06-03T19:10:10Z,10
/RolandNaijuka/step_internship_portfolio/pull/14,2020-06-05T00:50:16Z,6
/RolandNaijuka/step_internship_portfolio/pull/15,2020-06-08T15:48:31Z,43
/RolandNaijuka/step_internship_portfolio/pull/16,2020-06-08T18:29:33Z,1
/RolandNaijuka/step_internship_portfolio/pull/17,2020-06-10T20:25:08Z,16
/ataddesse/my-portfolio/pull/1,2020-05-27T22:29:19Z,0
/ataddesse/my-portfolio/pull/2,2020-05-28T00:17:29Z,1
/ataddesse/my-portfolio/pull/3,2020-05-28T15:32:13Z,1
/ataddesse/my-portfolio/pull/4,2020-05-28T18:08:51Z,0
/ataddesse/my-portfolio/pull/5,2020-05-29T11:42:38Z,0
/ataddesse/my-portfolio/pull/6,2020-05-29T14:16:52Z,8
/ataddesse/my-portfolio/pull/7,2020-06-01T21:36:39Z,4
/ataddesse/my-portfolio/pull/8,2020-06-02T16:36:41Z,2
/ataddesse/my-portfolio/pull/9,2020-06-03T13:52:22Z,14
/ataddesse/my-portfolio/pull/10,2020-06-04T16:13:49Z,21
/ataddesse/my-portfolio/pull/11,2020-06-08T19:37:52Z,1
/ataddesse/my-portfolio/pull/12,2020-06-09T20:16:12Z,1
/ataddesse/my-portfolio/pull/13,2020-06-09T20:55:29Z,0
/ataddesse/my-portfolio/pull/14,2020-06-10T16:59:34Z,0
/hadleyshapland/step-portfolio/pull/1,2020-05-26T20:16:03Z,3
/hadleyshapland/step-portfolio/pull/2,2020-05-27T18:22:07Z,15
/hadleyshapland/step-portfolio/pull/3,2020-05-27T21:28:11Z,0
/hadleyshapland/step-portfolio/pull/4,2020-05-27T21:55:06Z,0
/hadleyshapland/step-portfolio/pull/5,2020-05-28T16:00:33Z,9
/hadleyshapland/step-portfolio/pull/6,2020-05-28T21:02:03Z,0
/hadleyshapland/step-portfolio/pull/7,2020-05-29T01:24:52Z,23
/hadleyshapland/step-portfolio/pull/8,2020-06-01T15:39:47Z,1
/hadleyshapland/step-portfolio/pull/9,2020-06-01T17:28:19Z,16
/hadleyshapland/step-portfolio/pull/10,2020-06-02T16:28:15Z,28
/hadleyshapland/step-portfolio/pull/11,2020-06-02T17:17:06Z,4
/hadleyshapland/step-portfolio/pull/12,2020-06-04T18:58:29Z,15
/hadleyshapland/step-portfolio/pull/13,2020-06-05T16:37:52Z,1
/hadleyshapland/step-portfolio/pull/14,2020-06-05T23:01:35Z,1
/hadleyshapland/step-portfolio/pull/15,2020-06-08T17:58:23Z,6
/hadleyshapland/step-portfolio/pull/16,2020-06-09T15:18:23Z,1
/hadleyshapland/step-portfolio/pull/17,2020-06-09T18:53:48Z,10
/hadleyshapland/step-portfolio/pull/18,2020-06-09T19:59:29Z,1
/hadleyshapland/step-portfolio/pull/19,2020-06-09T20:32:16Z,0
/phuongnguyen00/step/pull/1,2020-05-29T19:14:46Z,4
/phuongnguyen00/step/pull/2,2020-06-01T20:06:12Z,0
/phuongnguyen00/step/pull/3,2020-06-03T20:02:44Z,1
/phuongnguyen00/step/pull/4,2020-06-05T19:10:36Z,4
/phuongnguyen00/step/pull/5,2020-06-10T21:40:52Z,1
/hieudan225/step/pull/1,2020-05-28T20:44:56Z,0
/hieudan225/step/pull/2,2020-05-30T17:39:24Z,21
/hieudan225/step/pull/3,2020-06-04T03:50:50Z,31
/hieudan225/step/pull/4,2020-06-09T16:10:02Z,3
/FluffyPenguin/step-training/pull/1,2020-05-26T20:55:58Z,1
/FluffyPenguin/step-training/pull/2,2020-05-27T21:25:49Z,0
/FluffyPenguin/step-training/pull/3,2020-05-28T23:04:47Z,5
/FluffyPenguin/step-training/pull/4,2020-05-29T22:00:21Z,11
/FluffyPenguin/step-training/pull/5,2020-06-02T23:19:42Z,1
/FluffyPenguin/step-training/pull/6,2020-06-04T00:23:35Z,2
/FluffyPenguin/step-training/pull/7,2020-06-05T00:57:59Z,5
/FluffyPenguin/step-training/pull/8,2020-06-08T23:22:56Z,1
/essencec/my-portfolio/pull/1,2020-05-29T14:55:46Z,0
/essencec/my-portfolio/pull/2,2020-06-01T14:55:30Z,30
/essencec/my-portfolio/pull/3,2020-06-04T21:07:28Z,0
/essencec/my-portfolio/pull/4,2020-06-05T00:35:02Z,2
/essencec/my-portfolio/pull/5,2020-06-05T15:26:33Z,11
/essencec/my-portfolio/pull/6,2020-06-08T16:00:28Z,3
/essencec/my-portfolio/pull/7,2020-06-08T20:58:26Z,5
/essencec/my-portfolio/pull/8,2020-06-09T14:53:27Z,1
/essencec/my-portfolio/pull/9,2020-06-09T18:45:39Z,3
/yjzhang111/step/pull/1,2020-06-01T21:58:19Z,6
/yjzhang111/step/pull/2,2020-06-05T23:17:00Z,12
/yjzhang111/step/pull/3,2020-06-10T00:32:32Z,3
/danyag0820/step/pull/1,2020-05-26T18:55:49Z,3
/danyag0820/step/pull/2,2020-05-29T21:06:15Z,8
/danyag0820/step/pull/3,2020-06-04T16:03:22Z,0
/danyag0820/step/pull/4,2020-06-05T04:52:21Z,8
/danyag0820/step/pull/5,2020-06-05T21:27:04Z,5
/danyag0820/step/pull/6,2020-06-09T02:31:31Z,5
/danyag0820/step/pull/7,2020-06-09T18:57:21Z,3
/danyag0820/step/pull/8,2020-06-10T04:12:17Z,12
/danyag0820/step/pull/9,2020-06-11T08:02:38Z,3
/HelenaSG/step/pull/1,2020-05-26T21:39:30Z,0
/HelenaSG/step/pull/2,2020-05-26T23:18:50Z,0
/HelenaSG/step/pull/3,2020-05-27T01:09:44Z,0
/HelenaSG/step/pull/4,2020-05-27T17:50:27Z,1
/HelenaSG/step/pull/5,2020-05-28T16:23:49Z,0
/HelenaSG/step/pull/6,2020-05-29T15:37:50Z,3
/HelenaSG/step/pull/7,2020-06-01T19:27:07Z,0
/HelenaSG/step/pull/8,2020-06-01T20:54:37Z,2
/HelenaSG/step/pull/9,2020-06-02T15:50:11Z,3
/HelenaSG/step/pull/10,2020-06-02T22:23:48Z,1
/HelenaSG/step/pull/11,2020-06-03T14:40:23Z,0
/HelenaSG/step/pull/12,2020-06-03T20:36:11Z,4
/HelenaSG/step/pull/13,2020-06-09T01:23:05Z,1
/HelenaSG/step/pull/14,2020-06-10T02:12:50Z,9
/seunomonije/google-step-2020/pull/1,2020-05-21T22:13:22Z,7
/seunomonije/google-step-2020/pull/2,2020-05-26T21:29:23Z,52
/seunomonije/google-step-2020/pull/3,2020-05-29T02:50:40Z,102
/seunomonije/google-step-2020/pull/4,2020-05-29T21:32:25Z,24
/seunomonije/google-step-2020/pull/5,2020-06-01T20:35:41Z,15
/seunomonije/google-step-2020/pull/6,2020-06-01T23:55:22Z,11
/seunomonije/google-step-2020/pull/7,2020-06-03T23:47:28Z,11
/seunomonije/google-step-2020/pull/8,2020-06-05T21:00:10Z,11
/seunomonije/google-step-2020/pull/9,2020-06-05T22:13:19Z,16
/ChenyuHeidiZhang/step/pull/1,2020-05-20T20:38:01Z,0
/ChenyuHeidiZhang/step/pull/2,2020-05-27T04:16:31Z,41
/ChenyuHeidiZhang/step/pull/3,2020-05-30T01:13:24Z,32
/ChenyuHeidiZhang/step/pull/4,2020-06-01T18:12:48Z,0
/ChenyuHeidiZhang/step/pull/5,2020-06-04T02:58:32Z,40
/ChenyuHeidiZhang/step/pull/6,2020-06-04T17:22:10Z,11
/ChenyuHeidiZhang/step/pull/7,2020-06-10T01:44:01Z,40
/ChenyuHeidiZhang/step/pull/8,2020-06-10T01:58:04Z,11
/steven-solar/step/pull/1,2020-05-21T17:30:02Z,17
/steven-solar/step/pull/2,2020-05-22T02:15:10Z,4
/steven-solar/step/pull/3,2020-05-22T17:41:48Z,1
/steven-solar/step/pull/4,2020-05-24T19:02:18Z,9
/steven-solar/step/pull/5,2020-05-26T17:56:27Z,9
/steven-solar/step/pull/6,2020-05-26T18:13:20Z,3
/steven-solar/step/pull/7,2020-05-27T21:30:15Z,3
/steven-solar/step/pull/8,2020-05-27T21:50:30Z,1
/steven-solar/step/pull/9,2020-05-31T18:16:26Z,26
/steven-solar/step/pull/12,2020-06-01T18:00:05Z,11
/steven-solar/step/pull/13,2020-06-02T16:46:22Z,5
/steven-solar/step/pull/14,2020-06-04T16:34:14Z,18
/steven-solar/step/pull/15,2020-06-04T18:46:14Z,23
/steven-solar/step/pull/16,2020-06-05T20:29:31Z,7
/steven-solar/step/pull/17,2020-06-09T18:05:22Z,9
/shivanighanta/my-portfolio/pull/1,2020-05-26T22:30:52Z,0
/shivanighanta/my-portfolio/pull/2,2020-05-29T04:03:25Z,13
/shivanighanta/my-portfolio/pull/3,2020-05-31T20:06:35Z,47
/shivanighanta/my-portfolio/pull/4,2020-06-08T16:41:21Z,19
/shivanighanta/my-portfolio/pull/5,2020-06-09T19:42:01Z,0
/ChisomOkwor/my-portfolio/pull/1,2020-06-01T17:49:23Z,6
/ChisomOkwor/my-portfolio/pull/2,2020-06-04T16:20:53Z,12
/ChisomOkwor/my-portfolio/pull/3,2020-06-08T20:29:13Z,0
/ChisomOkwor/my-portfolio/pull/4,2020-06-10T02:31:41Z,20
/Andrewmob2703/AmgenieStep/pull/1,2020-05-28T17:29:32Z,0
/Andrewmob2703/AmgenieStep/pull/2,2020-06-01T01:30:02Z,4
/Andrewmob2703/AmgenieStep/pull/3,2020-06-03T00:11:05Z,0
/Andrewmob2703/AmgenieStep/pull/4,2020-06-03T02:59:55Z,0
/Andrewmob2703/AmgenieStep/pull/5,2020-06-04T03:26:17Z,12
/Andrewmob2703/AmgenieStep/pull/6,2020-06-05T04:27:40Z,9
/Andrewmob2703/AmgenieStep/pull/7,2020-06-05T20:01:17Z,4
/Andrewmob2703/AmgenieStep/pull/8,2020-06-07T05:01:02Z,4
/Andrewmob2703/AmgenieStep/pull/9,2020-06-08T19:59:57Z,2
/Andrewmob2703/AmgenieStep/pull/10,2020-06-09T06:17:56Z,4
/Andrewmob2703/AmgenieStep/pull/11,2020-06-09T22:51:54Z,4
/Andrewmob2703/AmgenieStep/pull/12,2020-06-11T05:35:23Z,9
/meltsufin/my-portfolio/pull/1,2020-05-28T03:26:05Z,0
/meltsufin/my-portfolio/pull/2,2020-05-28T03:45:53Z,0
/meltsufin/my-portfolio/pull/3,2020-06-03T02:54:57Z,0
/meltsufin/my-portfolio/pull/4,2020-06-03T03:12:34Z,0
/meltsufin/my-portfolio/pull/5,2020-06-03T03:44:40Z,0
/meltsufin/my-portfolio/pull/6,2020-06-03T04:09:32Z,0
/meltsufin/my-portfolio/pull/7,2020-06-03T04:30:37Z,0
/meltsufin/my-portfolio/pull/8,2020-06-05T16:33:49Z,0
/meltsufin/my-portfolio/pull/9,2020-06-10T03:54:06Z,0
/meltsufin/my-portfolio/pull/10,2020-06-10T05:12:03Z,0
/googleinterns/step/pull/1,2020-05-12T15:04:12Z,1
/googleinterns/step/pull/2,2020-05-12T15:14:52Z,0
/googleinterns/step/pull/3,2020-05-12T18:59:14Z,6
/googleinterns/step/pull/4,2020-05-13T01:17:20Z,0
/googleinterns/step/pull/5,2020-05-14T01:51:14Z,11
/googleinterns/step/pull/6,2020-05-14T21:53:27Z,0
/googleinterns/step/pull/7,2020-05-15T06:31:30Z,1
/googleinterns/step/pull/8,2020-05-15T12:39:29Z,0
/googleinterns/step/pull/9,2020-05-15T17:09:09Z,0
/googleinterns/step/pull/10,2020-05-15T17:44:13Z,0
/googleinterns/step/pull/12,2020-05-15T19:08:04Z,0
/googleinterns/step/pull/13,2020-05-16T00:06:02Z,0
/googleinterns/step/pull/14,2020-05-17T03:08:43Z,0
/googleinterns/step/pull/15,2020-05-17T03:41:55Z,0
/googleinterns/step/pull/16,2020-05-18T04:00:17Z,1
/googleinterns/step/pull/17,2020-05-19T20:02:54Z,0
/googleinterns/step/pull/18,2020-05-20T16:01:50Z,0
/googleinterns/step/pull/19,2020-05-20T19:13:11Z,0
/googleinterns/step/pull/21,2020-05-21T04:22:04Z,5
/googleinterns/step/pull/22,2020-05-21T08:07:44Z,1
/ntarn/my-portfolio/pull/1,2020-05-21T21:54:42Z,0
/ntarn/my-portfolio/pull/2,2020-05-27T21:53:49Z,18
/ntarn/my-portfolio/pull/3,2020-05-30T07:48:09Z,60
/ntarn/my-portfolio/pull/4,2020-06-03T20:48:36Z,0
/ntarn/my-portfolio/pull/5,2020-06-03T20:54:52Z,0
/ntarn/my-portfolio/pull/6,2020-06-05T17:42:19Z,15
/carmenBen/STEP/pull/1,2020-05-26T22:30:11Z,0
/carmenBen/STEP/pull/2,2020-05-27T15:46:33Z,5
/carmenBen/STEP/pull/3,2020-05-29T18:06:20Z,0
/carmenBen/STEP/pull/4,2020-05-29T21:21:05Z,25
/carmenBen/STEP/pull/5,2020-06-05T19:23:30Z,20
/carmenBen/STEP/pull/6,2020-06-10T12:42:24Z,17
/andres-holguin/step/pull/1,2020-05-26T21:16:27Z,0
/andres-holguin/step/pull/2,2020-05-29T15:23:51Z,5
/andres-holguin/step/pull/3,2020-06-01T15:29:17Z,0
/andres-holguin/step/pull/4,2020-06-01T18:42:21Z,9
/andres-holguin/step/pull/5,2020-06-02T19:33:39Z,3
/andres-holguin/step/pull/6,2020-06-02T22:13:09Z,0
/andres-holguin/step/pull/7,2020-06-03T17:50:11Z,5
/andres-holguin/step/pull/8,2020-06-04T20:50:01Z,9
/andres-holguin/step/pull/9,2020-06-08T17:33:22Z,2
/andres-holguin/step/pull/10,2020-06-09T16:47:50Z,0
/andres-holguin/step/pull/11,2020-06-10T20:46:46Z,5
/jsheng112/step/pull/1,2020-05-26T16:08:03Z,2
/jsheng112/step/pull/2,2020-05-27T15:51:24Z,0
/jsheng112/step/pull/3,2020-05-27T21:40:04Z,0
/jsheng112/step/pull/4,2020-05-27T22:19:40Z,13
/jsheng112/step/pull/5,2020-05-28T15:35:44Z,1
/jsheng112/step/pull/6,2020-05-28T20:55:01Z,5
/jsheng112/step/pull/7,2020-05-29T18:41:57Z,2
/jsheng112/step/pull/8,2020-05-29T21:37:27Z,1
/jsheng112/step/pull/9,2020-06-01T13:27:34Z,1
/jsheng112/step/pull/11,2020-06-01T16:18:51Z,9
/jsheng112/step/pull/12,2020-06-02T15:05:43Z,23
/jsheng112/step/pull/13,2020-06-08T19:10:05Z,9
/jsheng112/step/pull/14,2020-06-09T18:59:49Z,7
/jsheng112/step/pull/15,2020-06-10T20:13:31Z,11
/tmicomyiza/step_portfolio/pull/1,2020-05-26T19:09:05Z,3
/tmicomyiza/step_portfolio/pull/2,2020-05-26T22:07:55Z,0
/tmicomyiza/step_portfolio/pull/3,2020-05-27T19:47:33Z,0
/tmicomyiza/step_portfolio/pull/4,2020-05-27T19:58:25Z,0
/tmicomyiza/step_portfolio/pull/5,2020-05-28T17:25:59Z,0
/tmicomyiza/step_portfolio/pull/6,2020-05-28T17:54:03Z,5
/tmicomyiza/step_portfolio/pull/7,2020-05-29T13:47:35Z,0
/tmicomyiza/step_portfolio/pull/8,2020-05-29T17:52:18Z,0
/tmicomyiza/step_portfolio/pull/9,2020-05-29T19:42:01Z,0
/tmicomyiza/step_portfolio/pull/10,2020-05-29T20:00:46Z,0
/tmicomyiza/step_portfolio/pull/11,2020-05-29T20:03:14Z,2
/tmicomyiza/step_portfolio/pull/12,2020-06-01T16:52:52Z,2
/tmicomyiza/step_portfolio/pull/13,2020-06-02T19:58:14Z,15
/tmicomyiza/step_portfolio/pull/14,2020-06-04T16:10:16Z,0
/tmicomyiza/step_portfolio/pull/27,2020-06-04T19:39:34Z,9
/tmicomyiza/step_portfolio/pull/28,2020-06-09T17:41:36Z,4
/tmicomyiza/step_portfolio/pull/29,2020-06-10T00:03:38Z,1
/tmicomyiza/step_portfolio/pull/30,2020-06-10T18:39:33Z,3
/rivera-fernando/step/pull/1,2020-05-19T17:53:32Z,0
/rivera-fernando/step/pull/2,2020-05-21T22:14:34Z,0
/rivera-fernando/step/pull/3,2020-05-26T20:11:50Z,0
/rivera-fernando/step/pull/4,2020-05-26T21:29:59Z,0
/rivera-fernando/step/pull/5,2020-05-26T22:50:50Z,0
/rivera-fernando/step/pull/6,2020-05-27T19:47:28Z,0
/rivera-fernando/step/pull/7,2020-05-27T22:10:24Z,1
/rivera-fernando/step/pull/8,2020-05-28T15:08:46Z,0
/rivera-fernando/step/pull/9,2020-05-29T20:01:11Z,0
/rivera-fernando/step/pull/10,2020-05-29T20:11:02Z,0
/rivera-fernando/step/pull/11,2020-06-01T20:48:18Z,2
/rivera-fernando/step/pull/12,2020-06-02T19:08:42Z,0
/rivera-fernando/step/pull/13,2020-06-03T14:35:04Z,0
/rivera-fernando/step/pull/14,2020-06-03T22:11:37Z,18
/rivera-fernando/step/pull/15,2020-06-08T14:29:27Z,4
/rivera-fernando/step/pull/16,2020-06-10T00:18:25Z,2
/mayahp/step-portfolio/pull/1,2020-05-29T03:44:36Z,0
/mayahp/step-portfolio/pull/2,2020-05-30T01:51:31Z,0
/mayahp/step-portfolio/pull/3,2020-06-01T22:07:16Z,0
/mayahp/step-portfolio/pull/4,2020-06-02T01:05:00Z,8
/mayahp/step-portfolio/pull/5,2020-06-02T23:35:14Z,8
/mayahp/step-portfolio/pull/6,2020-06-03T18:38:20Z,0
/mayahp/step-portfolio/pull/7,2020-06-04T20:20:05Z,5
/mayahp/step-portfolio/pull/8,2020-06-05T14:30:06Z,0
/mayahp/step-portfolio/pull/9,2020-06-05T20:47:23Z,3
/mayahp/step-portfolio/pull/10,2020-06-08T18:51:56Z,3
/mayahp/step-portfolio/pull/11,2020-06-09T22:15:50Z,4
/mayahp/step-portfolio/pull/12,2020-06-10T19:05:39Z,4
/mayahp/step-portfolio/pull/13,2020-06-11T15:21:25Z,0
/SydneyCaulfeild/step-portfolio/pull/1,2020-05-29T15:15:18Z,0
/SydneyCaulfeild/step-portfolio/pull/2,2020-05-29T15:19:14Z,6
/SydneyCaulfeild/step-portfolio/pull/3,2020-06-03T16:35:20Z,8
/SydneyCaulfeild/step-portfolio/pull/4,2020-06-05T14:56:24Z,6
/SydneyCaulfeild/step-portfolio/pull/5,2020-06-09T19:10:20Z,0
/SydneyCaulfeild/step-portfolio/pull/6,2020-06-11T16:01:41Z,0
/nabil-dbz/my-portfolio/pull/1,2020-05-25T22:32:50Z,4
/nabil-dbz/my-portfolio/pull/2,2020-05-28T13:30:28Z,0
/nabil-dbz/my-portfolio/pull/3,2020-05-28T16:39:52Z,4
/nabil-dbz/my-portfolio/pull/4,2020-05-29T15:16:56Z,1
/nabil-dbz/my-portfolio/pull/5,2020-06-01T14:55:13Z,3
/nabil-dbz/my-portfolio/pull/6,2020-06-02T13:22:41Z,9
/nabil-dbz/my-portfolio/pull/7,2020-06-04T21:25:59Z,14
/nabil-dbz/my-portfolio/pull/8,2020-06-08T17:59:01Z,16
/nabil-dbz/my-portfolio/pull/9,2020-06-10T21:11:06Z,3
/Maryam676/step/pull/1,2020-05-26T16:10:12Z,0
/Maryam676/step/pull/2,2020-05-26T19:45:21Z,0
/Maryam676/step/pull/3,2020-05-27T17:22:35Z,0
/Maryam676/step/pull/4,2020-05-27T20:50:58Z,1
/Maryam676/step/pull/5,2020-05-28T14:23:47Z,0
/Maryam676/step/pull/6,2020-05-28T18:11:00Z,0
/Maryam676/step/pull/7,2020-05-28T21:10:59Z,0
/Maryam676/step/pull/8,2020-05-29T15:27:20Z,1
/Maryam676/step/pull/9,2020-05-29T17:38:54Z,0
/Maryam676/step/pull/10,2020-06-01T20:59:26Z,0
/Maryam676/step/pull/11,2020-06-02T17:31:50Z,0
/Maryam676/step/pull/12,2020-06-03T17:10:08Z,0
/Maryam676/step/pull/13,2020-06-04T17:34:51Z,0
/Maryam676/step/pull/14,2020-06-05T16:52:10Z,1
/Maryam676/step/pull/15,2020-06-10T14:12:45Z,0
/anfee1/step2/pull/1,2020-05-29T01:03:40Z,11
/anfee1/step2/pull/2,2020-06-01T20:12:32Z,1
/anfee1/step2/pull/3,2020-06-01T22:40:41Z,3
/anfee1/step2/pull/4,2020-06-03T22:17:12Z,5
/anfee1/step2/pull/5,2020-06-05T19:16:11Z,16
/anfee1/step2/pull/6,2020-06-09T17:23:11Z,14
/anfee1/step2/pull/9,2020-06-11T00:04:46Z,14
/ZoeMitchelll/step2020/pull/1,2020-05-31T18:39:25Z,19
/ZoeMitchelll/step2020/pull/2,2020-06-02T14:35:37Z,14
/ZoeMitchelll/step2020/pull/3,2020-06-08T14:23:08Z,9
/ZoeMitchelll/step2020/pull/4,2020-06-09T15:53:16Z,11
/ZoeMitchelll/step2020/pull/5,2020-06-09T17:02:03Z,12
/Sydney-18/portfolio-repo/pull/1,2020-05-28T19:12:58Z,26
/Sydney-18/portfolio-repo/pull/2,2020-05-30T04:49:49Z,17
/Sydney-18/portfolio-repo/pull/3,2020-06-02T00:42:35Z,0
/Sydney-18/portfolio-repo/pull/4,2020-06-03T00:59:52Z,1
/Sydney-18/portfolio-repo/pull/5,2020-06-04T20:15:16Z,8
/Sydney-18/portfolio-repo/pull/6,2020-06-05T22:53:18Z,2
/Sydney-18/portfolio-repo/pull/7,2020-06-09T06:27:17Z,12
/Cindyzhang977/step/pull/1,2020-05-26T22:47:44Z,0
/Cindyzhang977/step/pull/2,2020-05-27T18:49:43Z,0
/Cindyzhang977/step/pull/3,2020-05-27T20:57:51Z,4
/Cindyzhang977/step/pull/4,2020-05-27T22:58:10Z,14
/Cindyzhang977/step/pull/5,2020-05-28T17:54:24Z,19
/Cindyzhang977/step/pull/6,2020-05-29T20:01:40Z,28
/Cindyzhang977/step/pull/7,2020-05-29T20:31:40Z,0
/Cindyzhang977/step/pull/8,2020-06-01T14:58:00Z,2
/Cindyzhang977/step/pull/9,2020-06-01T20:12:26Z,1
/Cindyzhang977/step/pull/10,2020-06-01T23:10:27Z,1
/Cindyzhang977/step/pull/11,2020-06-02T17:26:14Z,4
/Cindyzhang977/step/pull/12,2020-06-02T20:50:49Z,0
/Cindyzhang977/step/pull/13,2020-06-03T21:47:36Z,15
/Cindyzhang977/step/pull/14,2020-06-05T01:01:37Z,21
/Cindyzhang977/step/pull/15,2020-06-06T00:55:09Z,6
/Cindyzhang977/step/pull/16,2020-06-08T05:05:04Z,0
/Cindyzhang977/step/pull/17,2020-06-08T20:47:12Z,10
/Cindyzhang977/step/pull/18,2020-06-09T17:38:43Z,5
/Cindyzhang977/step/pull/19,2020-06-09T23:12:03Z,2
/Cindyzhang977/step/pull/20,2020-06-10T23:36:51Z,3
/sasymer/step/pull/1,2020-05-26T21:10:25Z,3
/sasymer/step/pull/2,2020-06-01T21:20:41Z,11
/sasymer/step/pull/3,2020-06-05T17:39:04Z,16
/sasymer/step/pull/4,2020-06-09T14:43:12Z,12
/sasymer/step/pull/5,2020-06-10T16:45:04Z,3
/gusteran/step/pull/1,2020-05-29T15:17:00Z,4
/gusteran/step/pull/2,2020-06-05T23:03:23Z,12
/gusteran/step/pull/3,2020-06-08T16:14:59Z,0
/gusteran/step/pull/4,2020-06-10T00:23:48Z,2
/michaeleggboy/personal_repository/pull/1,2020-05-26T17:43:51Z,0
/michaeleggboy/personal_repository/pull/2,2020-05-27T17:40:43Z,0
/michaeleggboy/personal_repository/pull/3,2020-05-28T14:26:03Z,0
/michaeleggboy/personal_repository/pull/4,2020-05-28T17:12:02Z,0
/michaeleggboy/personal_repository/pull/5,2020-05-29T12:42:23Z,9
/michaeleggboy/personal_repository/pull/6,2020-06-08T15:05:30Z,3
/michaeleggboy/personal_repository/pull/7,2020-06-10T17:30:53Z,4
/michaeleggboy/personal_repository/pull/8,2020-06-10T17:31:48Z,4
/michaeleggboy/personal_repository/pull/9,2020-06-10T17:47:11Z,4
/clairezc27/step/pull/1,2020-05-26T14:31:49Z,0
/clairezc27/step/pull/2,2020-05-27T22:22:43Z,1
/clairezc27/step/pull/3,2020-05-29T15:41:58Z,0
/clairezc27/step/pull/4,2020-06-03T17:37:28Z,2
/clairezc27/step/pull/5,2020-06-04T15:44:41Z,0
/clairezc27/step/pull/6,2020-06-05T19:00:55Z,3
/clairezc27/step/pull/7,2020-06-09T22:04:42Z,10
/jackdavidweber/step-portfolio/pull/1,2020-05-21T20:30:56Z,9
/jackdavidweber/step-portfolio/pull/2,2020-05-27T01:16:35Z,5
/jackdavidweber/step-portfolio/pull/3,2020-05-27T17:07:46Z,7
/jackdavidweber/step-portfolio/pull/4,2020-05-28T15:26:41Z,2
/jackdavidweber/step-portfolio/pull/5,2020-05-29T17:28:36Z,1
/jackdavidweber/step-portfolio/pull/6,2020-05-29T20:27:27Z,7
/jackdavidweber/step-portfolio/pull/7,2020-05-29T20:48:43Z,2
/jackdavidweber/step-portfolio/pull/8,2020-06-01T15:59:24Z,0
/jackdavidweber/step-portfolio/pull/9,2020-06-01T21:35:29Z,6
/jackdavidweber/step-portfolio/pull/10,2020-06-01T22:56:11Z,13
/jackdavidweber/step-portfolio/pull/11,2020-06-01T23:45:12Z,18
/jackdavidweber/step-portfolio/pull/12,2020-06-02T19:24:00Z,0
/jackdavidweber/step-portfolio/pull/13,2020-06-02T19:24:59Z,7
/jackdavidweber/step-portfolio/pull/14,2020-06-02T23:13:39Z,2
/jackdavidweber/step-portfolio/pull/15,2020-06-03T17:57:01Z,3
/jackdavidweber/step-portfolio/pull/16,2020-06-03T22:05:13Z,7
/jackdavidweber/step-portfolio/pull/17,2020-06-04T00:04:12Z,5
/jackdavidweber/step-portfolio/pull/18,2020-06-05T17:55:49Z,9
/jackdavidweber/step-portfolio/pull/19,2020-06-05T23:18:29Z,3
/jackdavidweber/step-portfolio/pull/20,2020-06-08T20:56:42Z,15
/kpatterson01/STEP-portfolio-2/pull/1,2020-06-03T15:33:56Z,0
/kpatterson01/STEP-portfolio-2/pull/2,2020-06-03T15:56:20Z,0
/kpatterson01/STEP-portfolio-2/pull/3,2020-06-03T17:17:47Z,1
/kpatterson01/STEP-portfolio-2/pull/4,2020-06-03T20:40:19Z,1
/kpatterson01/STEP-portfolio-2/pull/5,2020-06-04T15:14:10Z,2
/kpatterson01/STEP-portfolio-2/pull/6,2020-06-04T19:09:53Z,4
/kpatterson01/STEP-portfolio-2/pull/7,2020-06-05T14:19:03Z,2
/kpatterson01/STEP-portfolio-2/pull/8,2020-06-05T19:48:38Z,1
/kpatterson01/STEP-portfolio-2/pull/9,2020-06-09T15:26:03Z,1
/kpatterson01/STEP-portfolio-2/pull/10,2020-06-09T18:32:40Z,1
/kpatterson01/STEP-portfolio-2/pull/11,2020-06-10T15:49:16Z,1
/kpatterson01/STEP-portfolio-2/pull/12,2020-06-11T14:23:17Z,1
/haoyxc/step/pull/1,2020-05-20T17:57:41Z,1
/haoyxc/step/pull/2,2020-05-27T00:06:49Z,1
/haoyxc/step/pull/3,2020-05-27T15:46:37Z,0
/haoyxc/step/pull/4,2020-05-27T19:44:41Z,10
/haoyxc/step/pull/5,2020-05-27T23:12:58Z,9
/haoyxc/step/pull/6,2020-05-28T17:26:07Z,8
/haoyxc/step/pull/7,2020-05-28T19:00:45Z,9
/haoyxc/step/pull/8,2020-05-29T17:03:35Z,5
/haoyxc/step/pull/9,2020-05-29T20:11:04Z,1
/haoyxc/step/pull/10,2020-05-29T22:41:04Z,5
/haoyxc/step/pull/11,2020-06-01T11:57:52Z,2
/haoyxc/step/pull/12,2020-06-01T17:19:47Z,1
/haoyxc/step/pull/13,2020-06-01T19:34:25Z,2
/haoyxc/step/pull/14,2020-06-01T22:07:34Z,28
/haoyxc/step/pull/15,2020-06-02T15:55:33Z,5
/haoyxc/step/pull/16,2020-06-02T20:30:25Z,24
/haoyxc/step/pull/17,2020-06-03T18:35:09Z,6
/haoyxc/step/pull/18,2020-06-04T14:01:47Z,5
/haoyxc/step/pull/19,2020-06-04T20:40:08Z,0
/haoyxc/step/pull/20,2020-06-05T17:17:12Z,10
/kpancha/step/pull/1,2020-05-20T18:31:52Z,1
/kpancha/step/pull/2,2020-05-26T18:23:01Z,8
/kpancha/step/pull/3,2020-05-26T18:32:12Z,0
/kpancha/step/pull/4,2020-05-26T18:42:19Z,0
/kpancha/step/pull/5,2020-05-28T12:35:19Z,2
/kpancha/step/pull/6,2020-05-28T12:42:41Z,0
/kpancha/step/pull/7,2020-05-28T13:49:31Z,3
/kpancha/step/pull/8,2020-05-28T16:48:07Z,3
/kpancha/step/pull/9,2020-05-28T18:42:09Z,3
/kpancha/step/pull/10,2020-05-28T18:54:03Z,1
/kpancha/step/pull/11,2020-05-28T20:28:04Z,0
/kpancha/step/pull/12,2020-05-29T15:53:40Z,0
/kpancha/step/pull/13,2020-05-29T17:28:31Z,0
/kpancha/step/pull/14,2020-05-29T17:57:32Z,0
/kpancha/step/pull/15,2020-05-29T19:02:42Z,8
/kpancha/step/pull/16,2020-06-01T20:29:16Z,9
/kpancha/step/pull/17,2020-06-02T15:52:31Z,5
/kpancha/step/pull/18,2020-06-02T18:19:10Z,16
/kpancha/step/pull/19,2020-06-03T13:18:26Z,9
/kpancha/step/pull/20,2020-06-03T15:26:38Z,1
/kashiish/step/pull/1,2020-05-27T15:49:48Z,1
/kashiish/step/pull/2,2020-05-27T23:11:03Z,0
/kashiish/step/pull/3,2020-05-29T14:51:00Z,2
/kashiish/step/pull/4,2020-05-29T16:09:30Z,1
/kashiish/step/pull/5,2020-05-29T19:45:33Z,1
/kashiish/step/pull/6,2020-05-29T20:29:51Z,1
/kashiish/step/pull/7,2020-06-01T16:12:18Z,2
/kashiish/step/pull/8,2020-06-01T17:48:41Z,1
/kashiish/step/pull/9,2020-06-01T20:08:07Z,1
/kashiish/step/pull/10,2020-06-01T21:53:17Z,1
/kashiish/step/pull/11,2020-06-01T22:59:58Z,1
/kashiish/step/pull/12,2020-06-01T23:23:20Z,1
/kashiish/step/pull/13,2020-06-02T18:13:08Z,4
/kashiish/step/pull/14,2020-06-02T22:07:10Z,4
/kashiish/step/pull/15,2020-06-03T14:46:18Z,1
/kashiish/step/pull/16,2020-06-03T15:54:20Z,1
/kashiish/step/pull/17,2020-06-03T19:29:21Z,4
/kashiish/step/pull/18,2020-06-04T14:22:46Z,3
/kashiish/step/pull/19,2020-06-04T14:35:24Z,8
/kashiish/step/pull/20,2020-06-04T21:32:14Z,1
/christinachance/step/pull/1,2020-05-21T19:24:20Z,0
/christinachance/step/pull/2,2020-05-26T21:02:19Z,0
/christinachance/step/pull/3,2020-05-26T21:42:18Z,0
/christinachance/step/pull/4,2020-05-27T16:09:48Z,0
/christinachance/step/pull/5,2020-05-27T18:01:44Z,0
/christinachance/step/pull/6,2020-05-27T21:27:48Z,3
/christinachance/step/pull/7,2020-05-28T20:27:57Z,6
/christinachance/step/pull/8,2020-05-29T18:57:41Z,8
/christinachance/step/pull/9,2020-06-01T13:34:16Z,0
/christinachance/step/pull/10,2020-06-01T21:56:31Z,5
/christinachance/step/pull/11,2020-06-02T18:14:33Z,2
/christinachance/step/pull/12,2020-06-02T21:29:30Z,0
/christinachance/step/pull/13,2020-06-03T21:33:12Z,11
/christinachance/step/pull/14,2020-06-04T21:20:28Z,0
/christinachance/step/pull/15,2020-06-05T15:01:41Z,0
/christinachance/step/pull/16,2020-06-05T19:41:38Z,17
/christinachance/step/pull/17,2020-06-10T15:19:11Z,0
/christinachance/step/pull/18,2020-06-11T15:11:43Z,0
/proyectoramirez/step/pull/1,2020-05-26T18:42:34Z,5
/proyectoramirez/step/pull/2,2020-05-29T21:17:33Z,20
/proyectoramirez/step/pull/3,2020-06-01T16:06:57Z,45
/proyectoramirez/step/pull/4,2020-06-06T15:16:52Z,2
/proyectoramirez/step/pull/5,2020-06-06T15:24:22Z,7
/proyectoramirez/step/pull/6,2020-06-07T20:49:18Z,1
/proyectoramirez/step/pull/7,2020-06-08T16:07:41Z,10
/proyectoramirez/step/pull/8,2020-06-09T18:44:53Z,4
/proyectoramirez/step/pull/9,2020-06-10T18:26:46Z,0
/proyectoramirez/step/pull/10,2020-06-10T20:34:25Z,0
/Jortiz23/step-portfolio/pull/1,2020-06-03T17:20:16Z,0
/Jortiz23/step-portfolio/pull/2,2020-06-04T21:38:34Z,9
/Jortiz23/step-portfolio/pull/3,2020-06-10T17:40:22Z,5
/savsa/step/pull/1,2020-05-28T19:11:32Z,10
/savsa/step/pull/2,2020-05-29T20:48:31Z,10
/savsa/step/pull/3,2020-06-02T18:42:39Z,11
/savsa/step/pull/4,2020-06-04T21:17:12Z,12
/savsa/step/pull/5,2020-06-08T23:45:02Z,9
/AniMachaidze/step/pull/1,2020-05-26T22:26:55Z,8
/AniMachaidze/step/pull/2,2020-05-27T23:17:37Z,7
/AniMachaidze/step/pull/3,2020-05-28T23:11:31Z,6
/AniMachaidze/step/pull/4,2020-05-28T23:12:24Z,3
/AniMachaidze/step/pull/5,2020-05-29T20:30:14Z,1
/AniMachaidze/step/pull/6,2020-05-29T20:43:59Z,0
/AniMachaidze/step/pull/7,2020-06-01T18:08:15Z,2
/AniMachaidze/step/pull/8,2020-06-01T21:38:26Z,11
/AniMachaidze/step/pull/9,2020-06-02T22:22:59Z,17
/AniMachaidze/step/pull/10,2020-06-04T00:20:55Z,7
/AniMachaidze/step/pull/11,2020-06-05T22:36:47Z,23
/AniMachaidze/step/pull/12,2020-06-09T00:37:04Z,10
/AniMachaidze/step/pull/13,2020-06-09T18:58:13Z,4
/AniMachaidze/step/pull/14,2020-06-09T22:17:53Z,0
/AniMachaidze/step/pull/15,2020-06-10T18:32:58Z,1
/AniMachaidze/step/pull/16,2020-06-10T20:36:50Z,2
/nlumiere/step_portfolio/pull/1,2020-05-26T19:55:38Z,8
/nlumiere/step_portfolio/pull/2,2020-05-29T00:09:00Z,40
/nlumiere/step_portfolio/pull/3,2020-06-03T18:00:57Z,8
/nlumiere/step_portfolio/pull/4,2020-06-04T22:14:14Z,7
/nlumiere/step_portfolio/pull/5,2020-06-05T00:21:50Z,3
/nlumiere/step_portfolio/pull/6,2020-06-09T22:17:34Z,4
/scarletnguyen13/Google-STEP-training/pull/1,2020-05-25T23:04:08Z,0
/scarletnguyen13/Google-STEP-training/pull/2,2020-05-26T14:46:21Z,0
/scarletnguyen13/Google-STEP-training/pull/3,2020-05-26T16:53:06Z,26
/scarletnguyen13/Google-STEP-training/pull/4,2020-05-27T21:40:48Z,3
/scarletnguyen13/Google-STEP-training/pull/5,2020-05-28T18:28:44Z,4
/scarletnguyen13/Google-STEP-training/pull/6,2020-05-29T16:06:42Z,1
/scarletnguyen13/Google-STEP-training/pull/7,2020-05-29T19:18:45Z,1
/scarletnguyen13/Google-STEP-training/pull/8,2020-05-31T01:00:37Z,5
/scarletnguyen13/Google-STEP-training/pull/9,2020-06-01T15:39:29Z,0
/scarletnguyen13/Google-STEP-training/pull/10,2020-06-01T15:58:21Z,2
/scarletnguyen13/Google-STEP-training/pull/11,2020-06-02T18:42:21Z,6
/scarletnguyen13/Google-STEP-training/pull/12,2020-06-03T14:17:57Z,0
/scarletnguyen13/Google-STEP-training/pull/13,2020-06-03T21:48:07Z,46
/scarletnguyen13/Google-STEP-training/pull/14,2020-06-06T04:10:09Z,0
/scarletnguyen13/Google-STEP-training/pull/15,2020-06-07T00:09:09Z,0
/scarletnguyen13/Google-STEP-training/pull/16,2020-06-10T22:11:22Z,0
/aosmann7/my-portfolio/pull/1,2020-05-26T15:49:15Z,3
/aosmann7/my-portfolio/pull/2,2020-05-29T16:51:03Z,0
/aosmann7/my-portfolio/pull/3,2020-06-01T14:42:10Z,0
/aosmann7/my-portfolio/pull/4,2020-06-01T20:09:49Z,0
/aosmann7/my-portfolio/pull/5,2020-06-02T22:26:26Z,20
/aosmann7/my-portfolio/pull/6,2020-06-03T18:56:26Z,8
/aosmann7/my-portfolio/pull/7,2020-06-05T18:15:04Z,12
/aosmann7/my-portfolio/pull/8,2020-06-08T19:09:27Z,6
/aosmann7/my-portfolio/pull/9,2020-06-09T23:16:05Z,12
/aosmann7/my-portfolio/pull/10,2020-06-10T23:08:10Z,3
/tttzach/step/pull/1,2020-05-26T20:26:19Z,0
/tttzach/step/pull/2,2020-05-27T20:53:10Z,4
/tttzach/step/pull/3,2020-05-28T22:28:41Z,15
/tttzach/step/pull/11,2020-06-01T04:21:19Z,33
/tttzach/step/pull/15,2020-06-01T22:17:45Z,1
/tttzach/step/pull/20,2020-06-02T21:36:00Z,2
/tttzach/step/pull/21,2020-06-02T23:40:34Z,26
/tttzach/step/pull/30,2020-06-04T01:23:23Z,35
/tttzach/step/pull/31,2020-06-04T20:15:22Z,0
/tttzach/step/pull/34,2020-06-08T21:33:57Z,8
/tttzach/step/pull/35,2020-06-10T19:23:04Z,0
/jeward414/my-portfolio/pull/1,2020-05-29T18:55:15Z,5
/jeward414/my-portfolio/pull/2,2020-06-01T21:54:36Z,3
/jeward414/my-portfolio/pull/3,2020-06-03T15:11:42Z,2
/jeward414/my-portfolio/pull/5,2020-06-04T00:03:59Z,8
/jeward414/my-portfolio/pull/6,2020-06-06T00:33:34Z,11
/jeward414/my-portfolio/pull/7,2020-06-09T14:59:47Z,6
/jeward414/my-portfolio/pull/9,2020-06-09T23:52:43Z,8
/nitinramadoss/StepStarterProject/pull/1,2020-05-28T21:56:06Z,5
/nitinramadoss/StepStarterProject/pull/2,2020-05-30T01:19:45Z,15
/nitinramadoss/StepStarterProject/pull/3,2020-06-02T19:40:56Z,3
/nitinramadoss/StepStarterProject/pull/4,2020-06-02T19:42:22Z,17
/nitinramadoss/StepStarterProject/pull/5,2020-06-03T20:15:15Z,6
/nitinramadoss/StepStarterProject/pull/6,2020-06-04T18:54:33Z,10
/nitinramadoss/StepStarterProject/pull/7,2020-06-05T01:55:59Z,14
/nitinramadoss/StepStarterProject/pull/8,2020-06-09T19:14:49Z,11
/nitinramadoss/StepStarterProject/pull/9,2020-06-10T19:47:28Z,7
/winniewan/STEP/pull/1,2020-05-21T14:11:58Z,0
/winniewan/STEP/pull/2,2020-05-26T18:40:51Z,0
/winniewan/STEP/pull/3,2020-05-26T18:55:33Z,3
/winniewan/STEP/pull/4,2020-05-26T22:19:32Z,3
/winniewan/STEP/pull/5,2020-05-27T00:53:37Z,2
/winniewan/STEP/pull/6,2020-05-27T01:23:09Z,0
/winniewan/STEP/pull/7,2020-05-27T15:25:46Z,2
/winniewan/STEP/pull/8,2020-05-27T16:13:00Z,2
/winniewan/STEP/pull/9,2020-05-27T18:47:03Z,4
/winniewan/STEP/pull/10,2020-05-27T21:43:23Z,0
/winniewan/STEP/pull/11,2020-05-28T15:15:55Z,0
/winniewan/STEP/pull/12,2020-05-28T20:24:00Z,5
/winniewan/STEP/pull/13,2020-05-29T13:08:22Z,9
/winniewan/STEP/pull/14,2020-05-29T15:57:21Z,0
/winniewan/STEP/pull/15,2020-05-29T19:39:08Z,0
/winniewan/STEP/pull/16,2020-06-02T17:34:30Z,0
/winniewan/STEP/pull/17,2020-06-03T13:41:54Z,0
/winniewan/STEP/pull/18,2020-06-03T14:17:07Z,0
/winniewan/STEP/pull/19,2020-06-03T15:26:29Z,10
/winniewan/STEP/pull/20,2020-06-03T18:12:08Z,2
/SabrinaSnider/my-portfolio/pull/1,2020-05-27T17:44:54Z,18
/SabrinaSnider/my-portfolio/pull/2,2020-05-29T14:50:22Z,5
/SabrinaSnider/my-portfolio/pull/3,2020-06-01T15:55:03Z,9
/SabrinaSnider/my-portfolio/pull/4,2020-06-01T21:43:40Z,6
/SabrinaSnider/my-portfolio/pull/5,2020-06-03T16:06:20Z,16
/SabrinaSnider/my-portfolio/pull/6,2020-06-04T16:33:35Z,16
/SabrinaSnider/my-portfolio/pull/7,2020-06-05T15:45:28Z,28
/SabrinaSnider/my-portfolio/pull/8,2020-06-08T19:40:30Z,2
/SabrinaSnider/my-portfolio/pull/9,2020-06-09T15:31:48Z,12
/SabrinaSnider/my-portfolio/pull/10,2020-06-09T19:35:49Z,13
/SabrinaSnider/my-portfolio/pull/11,2020-06-10T15:02:48Z,5
/SabrinaSnider/my-portfolio/pull/12,2020-06-10T20:25:30Z,7
/SabrinaSnider/my-portfolio/pull/13,2020-06-10T21:16:02Z,4
/sbbenfield/STEPInternship/pull/1,2020-05-29T00:01:23Z,0
/sbbenfield/STEPInternship/pull/2,2020-06-01T14:39:39Z,0
/sbbenfield/STEPInternship/pull/3,2020-06-01T15:38:58Z,0
/sbbenfield/STEPInternship/pull/4,2020-06-01T16:29:11Z,0
/sbbenfield/STEPInternship/pull/5,2020-06-02T15:55:03Z,0
/sbbenfield/STEPInternship/pull/6,2020-06-03T17:54:57Z,2
/sbbenfield/STEPInternship/pull/7,2020-06-04T16:45:59Z,8
/sbbenfield/STEPInternship/pull/8,2020-06-05T15:18:16Z,7
/sbbenfield/STEPInternship/pull/9,2020-06-08T15:42:56Z,13
/sbbenfield/STEPInternship/pull/10,2020-06-10T16:49:28Z,4
/Ionis-Kutrolli/portfolio/pull/1,2020-05-28T17:22:11Z,1
/Ionis-Kutrolli/portfolio/pull/2,2020-05-28T21:40:46Z,5
/Ionis-Kutrolli/portfolio/pull/3,2020-05-29T21:42:01Z,5
/Ionis-Kutrolli/portfolio/pull/4,2020-06-01T15:25:05Z,6
/Ionis-Kutrolli/portfolio/pull/5,2020-06-02T19:02:16Z,3
/Ionis-Kutrolli/portfolio/pull/6,2020-06-03T19:22:16Z,9
/Ionis-Kutrolli/portfolio/pull/7,2020-06-05T14:13:01Z,2
/Ionis-Kutrolli/portfolio/pull/8,2020-06-08T13:29:25Z,11
/Ionis-Kutrolli/portfolio/pull/9,2020-06-09T17:34:02Z,10
/Ionis-Kutrolli/portfolio/pull/10,2020-06-10T19:58:05Z,4
/miahsanchez/step-portfolio/pull/1,2020-05-27T15:20:31Z,1
/miahsanchez/step-portfolio/pull/2,2020-05-28T13:48:00Z,4
/miahsanchez/step-portfolio/pull/3,2020-05-28T22:32:00Z,1
/miahsanchez/step-portfolio/pull/4,2020-05-29T14:19:02Z,1
/miahsanchez/step-portfolio/pull/5,2020-05-29T14:44:09Z,2
/miahsanchez/step-portfolio/pull/6,2020-05-29T15:27:01Z,1
/miahsanchez/step-portfolio/pull/7,2020-05-29T15:35:19Z,0
/miahsanchez/step-portfolio/pull/8,2020-05-29T15:50:41Z,0
/miahsanchez/step-portfolio/pull/9,2020-05-29T16:01:49Z,0
/miahsanchez/step-portfolio/pull/10,2020-06-01T15:49:49Z,1
/miahsanchez/step-portfolio/pull/11,2020-06-01T18:39:36Z,12
/miahsanchez/step-portfolio/pull/12,2020-06-02T16:16:29Z,1
/miahsanchez/step-portfolio/pull/13,2020-06-02T16:28:48Z,1
/miahsanchez/step-portfolio/pull/14,2020-06-02T21:34:49Z,0
/miahsanchez/step-portfolio/pull/15,2020-06-02T22:14:34Z,0
/miahsanchez/step-portfolio/pull/16,2020-06-02T22:27:05Z,0
/miahsanchez/step-portfolio/pull/17,2020-06-02T22:43:22Z,1
/miahsanchez/step-portfolio/pull/18,2020-06-03T00:40:40Z,3
/miahsanchez/step-portfolio/pull/19,2020-06-03T15:53:58Z,0
/miahsanchez/step-portfolio/pull/20,2020-06-03T21:46:51Z,2
/zyelcrier/step/pull/1,2020-05-19T22:21:32Z,0
/zyelcrier/step/pull/2,2020-05-26T20:53:28Z,35
/zyelcrier/step/pull/3,2020-05-27T22:06:54Z,12
/zyelcrier/step/pull/4,2020-05-28T18:06:33Z,0
/zyelcrier/step/pull/5,2020-05-28T20:53:51Z,0
/zyelcrier/step/pull/6,2020-05-29T21:37:06Z,4
/zyelcrier/step/pull/7,2020-06-01T17:12:17Z,3
/zyelcrier/step/pull/8,2020-06-01T18:53:41Z,0
/zyelcrier/step/pull/9,2020-06-01T18:57:05Z,0
/zyelcrier/step/pull/10,2020-06-01T19:44:12Z,0
/zyelcrier/step/pull/11,2020-06-01T21:30:57Z,0
/zyelcrier/step/pull/12,2020-06-02T17:29:15Z,11
/zyelcrier/step/pull/13,2020-06-03T20:34:57Z,0
/zyelcrier/step/pull/14,2020-06-03T21:14:35Z,2
/zyelcrier/step/pull/15,2020-06-04T19:04:46Z,6
/zyelcrier/step/pull/16,2020-06-05T17:15:44Z,10
/zyelcrier/step/pull/17,2020-06-09T16:32:11Z,17
/zyelcrier/step/pull/18,2020-06-10T18:47:31Z,3
/zyelcrier/step/pull/19,2020-06-10T22:00:04Z,0
/Taniecer/My-portfolio/pull/1,2020-05-28T23:51:11Z,6
/Taniecer/My-portfolio/pull/2,2020-06-01T14:46:52Z,1
/Taniecer/My-portfolio/pull/3,2020-06-01T18:04:53Z,11
/Taniecer/My-portfolio/pull/4,2020-06-03T01:22:52Z,5
/Taniecer/My-portfolio/pull/5,2020-06-03T19:47:14Z,1
/Taniecer/My-portfolio/pull/6,2020-06-04T20:48:44Z,3
/Taniecer/My-portfolio/pull/7,2020-06-05T20:29:09Z,10
/Taniecer/My-portfolio/pull/8,2020-06-06T20:05:00Z,16
/evd123/step/pull/1,2020-05-26T13:13:14Z,0
/evd123/step/pull/2,2020-05-28T20:04:14Z,26
/evd123/step/pull/3,2020-06-09T14:21:06Z,2
/kiprot/step/pull/1,2020-05-26T15:07:05Z,9
/kiprot/step/pull/2,2020-05-28T22:55:57Z,8
/kiprot/step/pull/3,2020-05-30T15:25:33Z,2
/kiprot/step/pull/4,2020-06-01T17:27:39Z,0
/kiprot/step/pull/5,2020-06-01T19:17:39Z,0
/kiprot/step/pull/6,2020-06-02T15:21:04Z,8
/kiprot/step/pull/7,2020-06-02T20:27:02Z,0
/kiprot/step/pull/8,2020-06-03T12:58:32Z,13
/kiprot/step/pull/9,2020-06-04T16:59:06Z,17
/kiprot/step/pull/10,2020-06-05T21:35:38Z,2
/kiprot/step/pull/11,2020-06-09T14:00:17Z,20
/kiprot/step/pull/12,2020-06-10T21:03:17Z,0
/mahimashanware/step/pull/1,2020-05-18T21:18:16Z,6
/mahimashanware/step/pull/2,2020-05-28T17:41:04Z,2
/mahimashanware/step/pull/3,2020-05-29T22:15:59Z,0
/mahimashanware/step/pull/4,2020-05-31T01:48:49Z,0
/mahimashanware/step/pull/5,2020-06-02T18:06:02Z,2
/mahimashanware/step/pull/6,2020-06-03T17:57:10Z,4
/mahimashanware/step/pull/7,2020-06-03T22:22:50Z,4
/mahimashanware/step/pull/8,2020-06-09T20:10:15Z,10
/mahimashanware/step/pull/9,2020-06-09T20:10:44Z,0
/Thunae/STEP/pull/1,2020-05-26T21:14:34Z,6
/Thunae/STEP/pull/2,2020-05-27T20:57:09Z,2
/Thunae/STEP/pull/3,2020-06-01T16:18:24Z,14
/Thunae/STEP/pull/4,2020-06-05T17:46:14Z,25
/Thunae/STEP/pull/5,2020-06-10T21:46:17Z,7
/mrjwashiv/my_portfolio/pull/1,2020-06-02T17:01:29Z,8
/mrjwashiv/my_portfolio/pull/2,2020-06-03T17:57:59Z,6
/mrjwashiv/my_portfolio/pull/3,2020-06-10T16:16:00Z,6
/r0ddy/step/pull/1,2020-05-27T16:14:08Z,1
/r0ddy/step/pull/2,2020-05-28T17:55:04Z,1
/r0ddy/step/pull/3,2020-05-28T23:53:56Z,5
/r0ddy/step/pull/4,2020-05-29T23:27:58Z,2
/r0ddy/step/pull/5,2020-06-01T22:27:53Z,2
/r0ddy/step/pull/6,2020-06-02T17:12:03Z,1
/r0ddy/step/pull/7,2020-06-02T21:16:12Z,1
/r0ddy/step/pull/8,2020-06-04T00:21:51Z,1
/r0ddy/step/pull/9,2020-06-04T16:49:53Z,9
/r0ddy/step/pull/10,2020-06-05T20:55:57Z,7
/r0ddy/step/pull/11,2020-06-05T22:50:48Z,1
/r0ddy/step/pull/12,2020-06-08T23:52:30Z,4
/elijahhiggso/STEP/pull/1,2020-05-26T21:54:10Z,0
/elijahhiggso/STEP/pull/2,2020-05-28T20:21:57Z,1
/elijahhiggso/STEP/pull/3,2020-06-01T17:54:35Z,0
/elijahhiggso/STEP/pull/4,2020-06-02T14:56:56Z,2
/elijahhiggso/STEP/pull/5,2020-06-03T21:10:04Z,2
/elijahhiggso/STEP/pull/6,2020-06-04T17:37:42Z,14
/elijahhiggso/STEP/pull/7,2020-06-10T21:13:51Z,1
/sroblesher/step/pull/1,2020-06-02T17:39:31Z,0
/sroblesher/step/pull/2,2020-06-03T02:22:41Z,0
/sroblesher/step/pull/3,2020-06-05T21:13:26Z,2
/sroblesher/step/pull/4,2020-06-08T03:31:47Z,10
/sroblesher/step/pull/5,2020-06-08T22:55:35Z,2
/sroblesher/step/pull/6,2020-06-09T21:26:34Z,1
/sroblesher/step/pull/7,2020-06-09T22:20:13Z,0
/sroblesher/step/pull/8,2020-06-10T19:34:01Z,0
/AnudeepYakkala/step/pull/1,2020-05-28T18:42:02Z,0
/AnudeepYakkala/step/pull/2,2020-05-28T19:10:57Z,2
/AnudeepYakkala/step/pull/3,2020-05-28T19:20:22Z,1
/AnudeepYakkala/step/pull/4,2020-05-28T19:29:20Z,2
/AnudeepYakkala/step/pull/5,2020-05-28T20:39:46Z,4
/AnudeepYakkala/step/pull/6,2020-05-28T22:33:40Z,8
/AnudeepYakkala/step/pull/7,2020-05-28T23:57:35Z,0
/AnudeepYakkala/step/pull/8,2020-05-29T18:23:53Z,8
/AnudeepYakkala/step/pull/9,2020-05-31T00:03:14Z,1
/AnudeepYakkala/step/pull/10,2020-05-31T22:25:48Z,1
/AnudeepYakkala/step/pull/11,2020-06-01T20:24:14Z,0
/AnudeepYakkala/step/pull/12,2020-06-01T20:52:16Z,0
/AnudeepYakkala/step/pull/13,2020-06-01T21:42:26Z,0
/AnudeepYakkala/step/pull/14,2020-06-01T23:49:02Z,2
/AnudeepYakkala/step/pull/15,2020-06-02T18:05:25Z,10
/AnudeepYakkala/step/pull/16,2020-06-02T19:59:00Z,7
/AnudeepYakkala/step/pull/17,2020-06-03T21:43:40Z,2
/AnudeepYakkala/step/pull/18,2020-06-04T00:29:29Z,4
/AnudeepYakkala/step/pull/19,2020-06-05T19:45:42Z,8
/AnudeepYakkala/step/pull/20,2020-06-05T20:49:41Z,2
/eldrickb/step/pull/1,2020-06-01T23:31:47Z,5
/eldrickb/step/pull/2,2020-06-04T19:25:40Z,18
/eldrickb/step/pull/3,2020-06-05T17:07:57Z,1
/eldrickb/step/pull/4,2020-06-05T17:13:10Z,2
/eldrickb/step/pull/5,2020-06-05T17:19:44Z,1
/eldrickb/step/pull/6,2020-06-09T02:03:52Z,19
/PhillipsOlagunju/step/pull/1,2020-06-01T18:16:11Z,11
/PhillipsOlagunju/step/pull/2,2020-06-03T17:37:58Z,0
/PhillipsOlagunju/step/pull/3,2020-06-03T20:56:38Z,6
/PhillipsOlagunju/step/pull/4,2020-06-04T18:28:26Z,1
/PhillipsOlagunju/step/pull/5,2020-06-04T21:27:43Z,11
/PhillipsOlagunju/step/pull/6,2020-06-10T17:44:37Z,1
